Machine_ID,Machine_Type,Installation_Year,Machine_Age,Total_Run_Hours,Avg_Load_Percentage,Daily_Operating_Hours,Capacity_Per_Hour,Avg_Temperature,Avg_Vibration,Energy_Consumption_Rate,Last_Maintenance_Days,Failure_History_Count,Downtime_Hours_Last_Year,Maintenance_Cost_Last_Year,Failure_Label,Remaining_Useful_Life_Hours,Risk_Score,Thermal_Stress,Maintenance_Overdue,Wear_Index,Failure_Density
MCH-001,Conveyor,2018,7,716.4,53.47,7.6,17.2,68.52,4.24,8.49,284,0,0.3,80.94,0,84.1,2.034638195004029,36.637643999999995,1,89.55,0.0
MCH-002,CNC Mill,2008,17,3158.9,78.57,13.9,41.4,76.81,8.24,15.49,147,0,1.6,453.38,1,136.6,3.7466849315068496,60.349616999999995,0,175.49444444444444,0.0
MCH-003,Conveyor,2020,5,588.4,45.32,10.7,52.3,62.43,4.08,26.19,27,1,26.8,18583.75,0,85.7,1.75343432715552,28.293276000000002,0,98.06666666666666,0.16666666666666666
MCH-004,Hydraulic Press,2022,3,697.3,78.75,18.1,26.0,81.52,6.09,6.15,153,0,8.7,2923.4,0,96.7,2.602559226430298,64.197,0,174.325,0.0
MCH-005,Conveyor,2010,15,1922.3,54.68,11.2,55.4,64.06,5.57,28.42,316,5,61.8,52565.23,1,81.1,2.753261885576148,35.028008,1,120.14375,0.3125
MCH-006,Hydraulic Press,2011,14,3024.9,82.68,15.6,12.2,72.49,3.72,10.73,166,3,39.8,61711.12,0,312.0,1.8899339242546336,59.934732000000004,0,201.66,0.2
MCH-007,Hydraulic Press,2011,14,2585.5,90.3,15.2,28.5,64.03,6.55,16.47,131,4,76.1,65679.41,0,220.3,2.9979613215149072,57.819089999999996,0,172.36666666666667,0.26666666666666666
MCH-008,Welding Unit,2011,14,3128.1,67.14,20.0,70.3,65.08,5.08,23.89,83,1,25.7,13717.56,0,342.5,2.37708460918614,43.694712,0,208.54,0.06666666666666667
MCH-009,Lathe,2016,9,1090.1,91.83,9.5,18.0,73.01,2.55,22.01,279,2,45.5,27128.86,0,130.0,1.3963900080580178,67.045083,1,109.00999999999999,0.2
MCH-010,CNC Mill,2019,6,1278.9,67.53,18.3,73.9,77.59,4.09,9.47,325,1,27.4,15542.68,0,149.0,1.9821321514907333,52.396527000000006,1,182.70000000000002,0.14285714285714285
MCH-011,Conveyor,2016,9,2458.4,90.52,19.3,44.2,77.49,2.53,19.97,62,2,54.2,27932.15,0,348.6,1.2397598710717164,70.143948,0,245.84,0.2
MCH-012,Welding Unit,2009,16,1439.3,43.81,7.2,63.6,60.42,4.69,24.02,70,5,85.9,77915.43,0,147.8,2.253356970185335,26.470002000000004,0,84.66470588235293,0.29411764705882354
MCH-013,Hydraulic Press,2011,14,3595.6,77.94,19.0,37.9,70.38,6.55,22.82,348,2,36.1,22073.56,1,123.6,3.1465914585012085,54.854172,1,239.70666666666665,0.13333333333333333
MCH-014,Welding Unit,2008,17,2781.1,52.11,14.2,54.2,67.09,3.48,6.77,122,0,8.6,2334.05,0,263.2,1.8255616438356164,34.960599,0,154.50555555555556,0.0
MCH-015,Welding Unit,2011,14,2531.9,88.53,13.5,27.0,76.49,2.94,19.41,247,3,34.7,39280.99,0,231.2,1.6334133763094278,67.716597,1,168.79333333333335,0.2
MCH-016,Hydraulic Press,2021,4,855.8,94.13,16.2,38.2,77.09,5.24,7.46,178,0,1.9,620.47,0,117.3,2.300270749395649,72.564817,0,171.16,0.0
MCH-017,Welding Unit,2015,10,1344.8,64.37,9.5,48.5,62.99,6.94,26.53,30,0,9.3,2324.01,0,170.2,3.002430298146656,40.546663,0,122.25454545454545,0.0
MCH-018,Welding Unit,2015,10,1095.4,43.22,9.0,79.0,76.86,7.22,14.47,140,3,45.5,56708.04,0,115.3,3.1897727639000806,33.218892000000004,0,99.58181818181819,0.2727272727272727
MCH-019,Lathe,2010,15,1497.3,43.22,8.7,14.3,64.06,6.38,23.39,165,0,4.8,1724.82,0,105.6,2.9738372280419014,27.686732000000003,0,93.58125,0.0
MCH-020,Conveyor,2016,9,725.4,72.73,7.1,26.5,71.24,3.97,21.88,66,1,18.2,13049.09,0,100.1,1.8184995970991138,51.812852,0,72.53999999999999,0.1
MCH-021,Conveyor,2016,9,1089.2,76.83,10.4,28.6,65.66,3.36,12.85,72,2,40.8,36988.71,0,151.6,1.5786091861402096,50.446578,0,108.92,0.2
MCH-022,Conveyor,2017,8,1739.2,51.72,19.9,75.3,63.21,6.84,11.63,40,0,1.6,657.7,0,231.3,2.928103142626914,32.692212,0,193.24444444444444,0.0
MCH-023,Conveyor,2020,5,811.3,84.94,15.2,56.4,77.2,2.21,12.48,73,1,11.0,13630.99,0,118.7,1.0369411764705883,65.57368000000001,0,135.21666666666667,0.16666666666666666
MCH-024,CNC Mill,2011,14,2558.1,74.88,16.0,44.2,74.08,3.84,11.6,31,0,8.3,2490.56,0,323.5,1.8454681708299758,55.471104,0,170.54,0.0
MCH-025,Hydraulic Press,2018,7,1552.8,64.3,19.7,49.3,65.91,5.72,22.64,62,0,6.9,1454.58,0,213.7,2.474583400483481,42.38013,0,194.1,0.0
MCH-026,Welding Unit,2017,8,1345.9,42.3,13.7,75.3,67.84,6.5,14.12,25,1,14.1,12147.83,0,182.6,2.781829170024174,28.69632,0,149.54444444444445,0.1111111111111111
MCH-027,CNC Mill,2017,8,1869.9,53.02,16.5,66.0,61.71,3.96,9.06,95,1,15.8,15893.92,0,258.1,1.8137743755036262,32.718642,0,207.76666666666668,0.1111111111111111
MCH-028,CNC Mill,2012,13,1419.1,61.04,8.2,42.9,69.97,6.62,5.97,107,3,50.0,54483.54,0,138.7,2.988934730056406,42.709688,0,101.36428571428571,0.21428571428571427
MCH-029,Hydraulic Press,2014,11,1624.5,93.18,10.6,54.9,77.07,3.8,11.98,209,2,49.1,41858.32,0,182.4,1.8896212731668012,71.813826,1,135.375,0.16666666666666666
MCH-030,Lathe,2008,17,1568.0,80.07,7.5,52.4,79.92,3.13,12.84,266,0,5.8,2393.29,0,96.9,1.7841917808219177,63.991944,1,87.11111111111111,0.0
MCH-031,Lathe,2016,9,2170.5,79.57,19.0,56.9,73.51,6.7,23.55,191,3,34.2,34966.78,0,228.2,2.996116035455278,58.491907,1,217.05,0.3
MCH-032,CNC Mill,2019,6,1403.3,76.68,18.6,58.8,74.81,3.46,13.15,288,0,6.6,2801.31,0,177.1,1.7047896857373088,57.36430800000001,1,200.47142857142856,0.0
MCH-033,Welding Unit,2017,8,1365.3,85.85,14.0,24.7,77.56,8.29,12.6,301,2,42.9,30173.53,0,96.3,3.686870265914585,66.58526,1,151.7,0.2222222222222222
MCH-034,CNC Mill,2020,5,1271.5,49.33,18.6,46.1,81.66,3.1,7.12,329,1,19.1,12947.39,0,161.0,1.5682836422240132,40.282878,1,211.91666666666666,0.16666666666666666
MCH-035,CNC Mill,2010,15,1094.0,66.13,6.3,15.1,67.85,4.37,26.24,217,5,96.1,74940.92,0,84.5,2.205453666398066,44.869204999999994,1,68.375,0.3125
MCH-036,Lathe,2018,7,1533.1,87.32,15.6,64.5,76.63,3.98,27.14,117,0,7.0,2570.55,0,212.5,1.8162546333601934,66.913316,0,191.6375,0.0
MCH-037,Welding Unit,2015,10,980.6,69.21,7.9,32.2,71.22,2.02,18.97,231,3,71.8,72294.58,0,122.8,1.1721015310233682,49.291362,1,89.14545454545454,0.2727272727272727
MCH-038,Hydraulic Press,2015,10,1112.2,75.07,9.6,46.5,71.42,5.17,24.15,325,1,13.4,11629.58,0,89.1,2.496485092667204,53.614993999999996,1,101.10909090909091,0.09090909090909091
MCH-039,Welding Unit,2022,3,455.8,52.72,13.6,59.4,61.87,6.03,22.35,37,1,20.4,14503.57,0,66.0,2.499107171635778,32.617864,0,113.95,0.25
MCH-040,Welding Unit,2014,11,2646.6,78.25,18.7,63.6,72.41,3.78,26.42,199,3,27.8,50282.01,0,302.5,1.874771958098308,56.660824999999996,1,220.54999999999998,0.25
MCH-041,CNC Mill,2016,9,1889.3,73.18,16.5,25.4,74.46,7.12,10.51,228,3,28.8,44627.55,1,175.5,3.1894585012087027,54.489827999999996,1,188.93,0.3
MCH-042,Hydraulic Press,2021,4,556.6,74.22,12.5,37.6,69.62,5.5,5.67,293,0,4.3,1094.43,0,68.3,2.48303787268332,51.671963999999996,1,111.32000000000001,0.0
MCH-043,Hydraulic Press,2014,11,1442.9,58.56,10.6,29.5,68.05,6.6,26.99,220,2,49.1,35567.71,1,122.7,3.017155519742144,39.85008,1,120.24166666666667,0.16666666666666666
MCH-044,CNC Mill,2011,14,2878.5,75.85,15.1,76.5,71.21,5.87,23.86,107,0,2.4,562.36,0,280.7,2.7095229653505237,54.012784999999994,0,191.9,0.0
MCH-045,Welding Unit,2015,10,2142.7,49.23,15.8,62.4,62.81,2.5,20.18,63,1,25.5,12743.26,0,300.1,1.2490330378726833,30.921363,0,194.79090909090908,0.09090909090909091
MCH-046,Lathe,2014,11,2407.7,72.57,19.2,27.0,73.25,4.97,25.76,361,2,50.9,37624.4,1,157.0,2.461730862207897,53.15752499999999,1,200.64166666666665,0.16666666666666666
MCH-047,CNC Mill,2013,12,2132.1,43.79,13.5,10.9,49.86,5.15,21.19,220,3,39.0,51563.43,0,195.2,2.4577437550362613,21.833694,1,164.0076923076923,0.23076923076923078
MCH-048,Lathe,2014,11,1180.9,75.78,8.5,74.4,71.02,3.25,20.4,252,3,53.5,47421.86,0,127.5,1.6990733279613217,53.818956,1,98.40833333333335,0.25
MCH-049,Hydraulic Press,2012,13,2753.2,65.56,18.3,36.5,68.86,5.27,20.26,19,3,69.2,51766.6,0,342.9,2.3886607574536662,45.144616000000006,0,196.65714285714284,0.21428571428571427
MCH-050,Welding Unit,2012,13,3166.9,55.19,18.3,76.4,75.99,4.81,5.25,48,1,25.1,22801.93,0,389.2,2.2245237711522963,41.938880999999995,0,226.20714285714286,0.07142857142857142
MCH-051,Hydraulic Press,2015,10,1880.9,52.19,17.1,31.4,66.94,4.35,22.29,302,2,37.4,34359.47,1,176.5,2.1527316680096695,34.935986,1,170.9909090909091,0.18181818181818182
MCH-052,Hydraulic Press,2013,12,2213.7,53.83,15.8,23.5,66.06,2.29,8.02,66,4,103.6,71337.47,0,300.9,1.2082643029814666,35.560097999999996,0,170.28461538461536,0.3076923076923077
MCH-053,Lathe,2019,6,1161.4,72.82,14.3,68.3,66.48,3.01,29.51,156,0,3.0,713.92,0,163.2,1.4343787268331991,48.410736,0,165.91428571428574,0.0
MCH-054,Hydraulic Press,2008,17,3097.0,46.95,13.7,44.4,64.6,3.77,26.71,11,4,56.1,61097.56,0,358.6,1.8655342465753426,30.3297,0,172.05555555555554,0.2222222222222222
MCH-055,Lathe,2021,4,699.6,62.04,12.7,54.1,65.32,4.49,6.85,32,0,5.6,2789.78,0,102.0,1.9002707493956488,40.524528,0,139.92000000000002,0.0
MCH-056,Lathe,2016,9,1946.6,83.49,16.7,46.6,77.44,4.04,10.64,235,3,45.1,44578.45,0,227.5,1.962253021756648,64.65465599999999,1,194.66,0.3
MCH-057,Conveyor,2017,8,1710.8,81.95,19.4,28.5,71.71,3.79,20.64,46,0,5.5,1774.05,0,242.3,1.7122127316680098,58.766345,0,190.08888888888887,0.0
MCH-058,CNC Mill,2015,10,1164.1,78.88,10.1,41.8,75.36,4.47,22.57,356,1,31.6,23838.6,0,92.1,2.2377179693795326,59.443968,1,105.82727272727271,0.09090909090909091
MCH-059,Welding Unit,2014,11,961.4,48.19,7.6,20.0,70.17,6.05,11.64,35,1,27.4,26294.61,0,121.6,2.6704431909750204,33.814923,0,80.11666666666666,0.08333333333333333
MCH-060,Lathe,2009,16,2379.3,62.14,12.6,47.8,72.6,3.12,11.81,229,0,8.9,3391.92,0,187.8,1.7342610797743756,45.11364,1,139.95882352941177,0.0
MCH-061,Welding Unit,2009,16,1944.4,87.33,9.2,11.5,83.23,7.82,19.68,349,2,43.2,28869.59,1,35.7,3.6964528605962936,72.684759,1,114.37647058823529,0.11764705882352941
MCH-062,Welding Unit,2022,3,428.8,63.97,9.9,77.8,64.79,4.62,25.36,245,1,18.2,10564.1,0,58.3,2.0775729250604353,41.446163000000006,1,107.2,0.25
MCH-063,Lathe,2019,6,1019.0,62.02,12.9,12.6,66.14,6.48,24.01,50,1,13.4,18882.42,0,141.2,2.749775987107172,41.020028,0,145.57142857142858,0.14285714285714285
MCH-064,Hydraulic Press,2018,7,1580.1,42.98,18.2,53.6,71.43,6.36,17.96,260,2,31.5,22879.2,0,167.6,2.8661998388396457,30.700614,1,197.5125,0.25
MCH-065,Lathe,2015,10,2285.4,41.59,18.3,66.0,62.52,3.87,20.75,86,2,40.3,31920.57,0,306.1,1.8127864625302175,26.002068000000005,0,207.76363636363638,0.18181818181818182
MCH-066,Welding Unit,2015,10,2529.9,48.47,19.3,30.4,67.79,2.75,28.32,144,3,76.4,50226.92,0,335.1,1.404512489927478,32.857813,0,229.9909090909091,0.2727272727272727
MCH-067,Hydraulic Press,2011,14,3328.2,88.36,18.9,29.3,79.19,3.11,26.6,217,2,52.8,41451.16,0,322.6,1.6808654311039486,69.972284,1,221.88,0.13333333333333333
MCH-068,CNC Mill,2021,4,820.4,66.93,14.2,47.7,66.16,3.94,8.71,181,1,22.8,16314.4,0,115.2,1.7823255439161967,44.280888000000004,1,164.07999999999998,0.2
MCH-069,CNC Mill,2019,6,675.3,87.08,9.3,32.3,80.19,2.74,15.27,247,2,50.9,52048.13,0,90.7,1.3887074939564867,69.829452,1,96.47142857142856,0.2857142857142857
MCH-070,CNC Mill,2015,10,2169.5,93.09,19.5,17.0,79.06,7.56,13.3,230,0,4.6,1485.77,0,174.9,3.387416599516519,73.59695400000001,1,197.22727272727272,0.0
MCH-071,Welding Unit,2009,16,2889.1,58.62,12.6,55.5,65.96,4.13,22.32,173,5,116.8,89376.92,1,240.4,2.099904915390814,38.66575199999999,0,169.9470588235294,0.29411764705882354
MCH-072,Welding Unit,2021,4,706.8,52.91,13.6,30.1,67.17,6.13,22.11,121,0,1.0,461.77,0,98.1,2.617229653505238,35.539647,0,141.35999999999999,0.0
MCH-073,CNC Mill,2010,15,3316.0,42.53,15.7,30.5,56.57,2.64,24.9,196,3,36.7,48043.48,1,328.5,1.4990701047542305,24.059221,1,207.25,0.1875
MCH-074,Welding Unit,2010,15,1486.4,74.08,7.1,73.9,75.31,7.29,11.02,78,1,18.4,11285.14,0,124.4,3.2782481869460116,55.789648,0,92.9,0.0625
MCH-075,Welding Unit,2022,3,381.7,44.06,10.0,79.1,64.68,3.37,28.63,158,1,24.3,20166.65,0,55.0,1.5179838839645448,28.498008000000006,0,95.425,0.25
MCH-076,Lathe,2009,16,1907.7,71.61,9.3,30.7,80.81,5.42,29.82,342,3,43.7,54076.59,1,62.2,2.7316583400483485,57.868041000000005,1,112.21764705882353,0.17647058823529413
MCH-077,CNC Mill,2022,3,545.2,89.73,14.5,65.9,70.96,5.83,12.15,315,1,13.6,13309.02,0,66.5,2.609518130539888,63.672408,1,136.3,0.25
MCH-078,CNC Mill,2018,7,675.0,42.17,7.4,12.3,57.78,6.14,24.72,191,2,29.6,26144.05,0,81.4,2.7309395648670427,24.365826000000002,1,84.375,0.25
MCH-079,Hydraulic Press,2010,15,3564.4,60.12,17.0,29.1,73.83,3.23,17.54,89,2,56.5,45650.33,0,414.7,1.6617824335213538,44.386596,0,222.775,0.125
MCH-080,Lathe,2020,5,543.7,47.74,7.6,70.2,69.14,5.29,29.16,350,1,32.5,22866.9,0,59.0,2.4586672038678485,33.007436000000006,1,90.61666666666667,0.16666666666666666
MCH-081,Conveyor,2012,13,2171.8,77.01,13.5,50.9,77.21,9.57,21.81,331,2,22.0,20736.44,1,50.5,4.3223593875906525,59.459421,1,155.12857142857143,0.14285714285714285
MCH-082,Lathe,2013,12,2591.6,43.48,18.8,73.7,61.82,3.32,25.6,159,3,30.4,31279.22,0,309.0,1.683962933118453,26.879336,0,199.35384615384615,0.23076923076923078
MCH-083,Lathe,2009,16,1888.2,61.38,9.3,76.5,63.97,3.23,14.28,361,4,67.9,48212.11,1,86.1,1.868672038678485,39.264786,1,111.07058823529412,0.23529411764705882
MCH-084,Conveyor,2021,4,629.4,92.33,12.9,35.9,77.31,5.14,5.82,232,1,32.7,19260.07,0,83.3,2.297257050765512,71.380323,1,125.88,0.2
MCH-085,Hydraulic Press,2022,3,709.8,61.9,19.7,18.6,69.95,6.24,9.75,237,0,6.4,1321.01,0,92.6,2.7200934730056407,43.299049999999994,1,177.45,0.0
MCH-086,Conveyor,2011,14,3780.5,51.29,19.8,48.8,65.45,8.02,25.75,305,1,24.2,23309.24,1,120.5,3.705139403706688,33.569305,1,252.03333333333333,0.06666666666666667
MCH-087,Conveyor,2008,17,2421.4,94.31,9.9,65.9,76.97,13.3,18.51,61,5,115.0,93113.0,1,57.8,5.711780821917809,72.590407,0,134.52222222222224,0.2777777777777778
MCH-088,CNC Mill,2013,12,867.1,46.97,6.2,18.0,67.22,3.18,15.52,37,3,50.5,49757.86,0,117.4,1.5444012892828367,31.573234,0,66.7,0.23076923076923078
MCH-089,Welding Unit,2017,8,719.3,87.68,6.6,42.1,70.95,5.44,18.04,20,0,8.5,1975.3,0,100.2,2.3544045124899275,62.208960000000005,0,79.92222222222222,0.0
MCH-090,Conveyor,2009,16,3532.7,48.16,18.6,53.7,63.33,5.96,8.15,304,4,84.2,68184.79,1,125.9,2.9216309427880742,30.499727999999994,1,207.80588235294115,0.23529411764705882
MCH-091,Welding Unit,2017,8,1311.5,46.29,12.0,71.4,66.25,4.35,21.37,287,2,49.7,43871.78,0,144.9,2.1012812248186945,30.667125000000002,1,145.72222222222223,0.2222222222222222
MCH-092,Hydraulic Press,2014,11,1428.8,63.47,11.8,36.2,64.81,2.45,21.63,83,3,35.7,25971.11,0,195.0,1.2633199033037874,41.134907000000005,0,119.06666666666666,0.25
MCH-093,Lathe,2020,5,424.1,92.61,7.8,56.9,75.55,6.31,19.04,215,1,32.3,24563.89,0,53.1,2.774201450443191,69.966855,1,70.68333333333334,0.16666666666666666
MCH-094,CNC Mill,2012,13,2243.2,71.79,14.4,56.0,72.61,2.72,10.32,119,0,5.6,1587.99,0,279.2,1.437153908138598,52.126719,0,160.22857142857143,0.0
MCH-095,Hydraulic Press,2020,5,766.7,82.21,12.0,57.2,75.53,5.23,20.54,290,0,6.6,1377.33,0,92.1,2.39357131345689,62.093213,1,127.78333333333335,0.0
MCH-096,Conveyor,2019,6,1417.8,59.31,16.7,20.0,63.37,4.77,9.54,341,1,16.6,18495.06,0,153.7,2.265091055600322,37.584747,1,202.54285714285714,0.14285714285714285
MCH-097,Lathe,2011,14,1957.0,48.66,11.3,32.7,64.89,2.84,12.79,295,4,38.3,41055.36,1,157.0,1.626290088638195,31.575474,1,130.46666666666667,0.26666666666666666
MCH-098,Conveyor,2012,13,1944.1,73.39,12.2,25.1,76.38,6.87,15.35,267,0,1.1,415.73,1,107.6,3.1985237711522965,56.055282,1,138.8642857142857,0.0
MCH-099,Welding Unit,2018,7,828.0,94.14,10.3,24.3,73.45,7.79,6.37,113,0,2.9,1012.73,0,101.7,3.337514907332796,69.14583,0,103.5,0.0
MCH-100,Lathe,2010,15,1482.5,52.66,7.8,56.8,70.32,3.52,18.97,186,0,7.4,2500.65,1,138.4,1.8442207896857374,37.030511999999995,1,92.65625,0.0
MCH-101,Hydraulic Press,2021,4,510.8,62.24,10.4,30.3,71.25,20.93,21.0,212,0,1.7,574.65,1,29.4,8.599558420628526,44.346000000000004,1,102.16,0.0
MCH-102,Lathe,2009,16,2139.0,63.96,12.1,15.5,72.04,7.06,15.01,163,5,72.2,58903.7,1,121.6,3.2650556003223206,46.076784,0,125.82352941176471,0.29411764705882354
MCH-103,Lathe,2016,9,1661.2,59.22,13.1,67.3,72.54,5.82,23.18,80,1,12.3,9759.08,0,215.2,2.568088638195004,42.958188,0,166.12,0.1
MCH-104,Hydraulic Press,2010,15,3773.2,65.52,19.3,50.6,68.08,6.07,19.09,353,4,85.6,74982.92,1,118.9,2.9786043513295732,44.606016,1,235.825,0.25
MCH-105,Hydraulic Press,2010,15,2274.5,74.73,12.2,51.4,68.55,4.08,24.91,185,4,41.7,34457.2,0,200.7,2.0675358581788883,51.227415,1,142.15625,0.25
MCH-106,Conveyor,2009,16,3446.8,44.97,15.0,36.9,63.29,3.62,19.85,302,4,104.3,70945.08,1,191.8,1.9842610797743756,28.461513,1,202.75294117647059,0.23529411764705882
MCH-107,Welding Unit,2018,7,779.4,67.58,8.6,41.5,61.33,5.17,28.94,180,2,25.3,21213.69,0,99.6,2.3354053182917003,41.446813999999996,0,97.425,0.25
MCH-108,Welding Unit,2016,9,1346.6,60.51,13.3,38.6,66.08,4.63,12.07,178,0,6.5,1484.29,0,164.9,2.159211925866237,39.985008,0,134.66,0.0
MCH-109,Welding Unit,2012,13,1714.6,93.04,9.5,20.5,73.45,3.92,20.07,46,4,86.3,66654.53,0,219.5,1.867153908138598,68.33788,0,122.47142857142856,0.2857142857142857
MCH-110,Lathe,2010,15,3048.5,57.03,14.3,65.4,74.91,4.72,14.42,70,5,109.2,126590.0,0,331.9,2.2447687348912164,42.721173,0,190.53125,0.3125
MCH-111,Lathe,2018,7,1356.0,41.0,15.4,76.6,65.05,2.7,12.72,179,1,21.3,12699.56,0,186.7,1.346720386784851,26.670499999999997,0,169.5,0.125
MCH-112,Conveyor,2016,9,2089.7,88.6,16.8,33.6,88.53,9.37,5.94,321,1,19.7,14843.18,1,100.5,4.153157131345688,78.43758,1,208.96999999999997,0.1
MCH-113,Welding Unit,2020,5,1245.1,42.4,18.6,60.4,69.54,6.24,14.11,232,1,28.6,15112.1,0,153.2,2.75784528605963,29.48496,1,207.51666666666665,0.16666666666666666
MCH-114,Conveyor,2022,3,639.6,92.09,17.7,42.3,77.7,5.35,29.61,149,1,20.7,12000.7,0,90.1,2.303819500402901,71.55393000000001,0,159.9,0.25
MCH-115,CNC Mill,2010,15,2960.5,66.43,18.2,75.4,75.17,3.49,14.28,269,0,7.6,3584.1,1,215.2,1.8890701047542307,49.93543100000001,1,185.03125,0.0
MCH-116,Hydraulic Press,2021,4,689.4,52.21,12.1,34.5,61.7,4.28,16.28,18,1,13.9,14284.95,0,100.9,1.8066817082997584,32.213570000000004,0,137.88,0.2
MCH-117,Welding Unit,2011,14,1271.0,86.15,6.4,65.4,78.37,6.34,21.25,75,0,8.3,2005.59,0,128.0,2.8756051571313455,67.51575500000001,0,84.73333333333333,0.0
MCH-118,Welding Unit,2015,10,2057.1,41.05,14.6,20.5,60.64,3.95,10.39,316,3,32.6,31021.53,0,193.8,2.00232070910556,24.89272,1,187.0090909090909,0.2727272727272727
MCH-119,Conveyor,2018,7,1482.3,46.1,17.1,51.8,72.66,5.27,27.63,13,2,35.9,24674.44,0,210.4,2.2610217566478648,33.49626,0,185.2875,0.25
MCH-120,Welding Unit,2013,12,1379.5,76.54,9.4,78.2,66.66,6.47,7.14,39,4,76.9,56154.02,0,163.9,2.861771152296535,51.021564,0,106.11538461538461,0.3076923076923077
MCH-121,Hydraulic Press,2008,17,3641.4,53.95,14.9,65.2,76.8,6.77,5.41,181,1,26.7,23943.86,1,175.8,3.181972602739726,41.4336,1,202.3,0.05555555555555555
MCH-122,Welding Unit,2010,15,1259.5,84.74,6.6,64.5,67.83,3.69,9.38,242,5,82.5,65964.74,0,97.8,1.950576954069299,57.479141999999996,1,78.71875,0.3125
MCH-123,CNC Mill,2008,17,1856.5,50.97,10.1,75.3,64.1,9.48,6.05,268,3,79.9,56635.8,1,31.4,4.325561643835616,32.671769999999995,1,103.13888888888889,0.16666666666666666
MCH-124,CNC Mill,2012,13,1946.9,87.62,11.0,18.7,76.19,3.09,13.3,193,3,76.8,66107.42,0,212.2,1.635838839645447,66.757678,1,139.06428571428572,0.21428571428571427
MCH-125,Lathe,2015,10,1890.7,83.85,15.7,15.8,68.68,4.3,11.67,222,0,10.0,2881.3,0,211.4,2.0779371474617245,57.58818,1,171.88181818181818,0.0
MCH-126,Welding Unit,2009,16,1996.2,64.53,10.6,21.7,59.38,2.66,22.94,232,2,38.5,43033.68,1,165.2,1.5523158742949235,38.317914,1,117.4235294117647,0.11764705882352941
MCH-127,Lathe,2012,13,2662.7,43.15,15.0,38.4,60.74,4.72,21.78,267,1,25.6,22196.2,0,203.3,2.338523771152296,26.209310000000002,1,190.19285714285712,0.07142857142857142
MCH-128,Conveyor,2010,15,1408.2,60.15,6.9,49.7,68.34,11.46,14.57,314,1,29.0,21158.97,1,16.1,5.10789202256245,41.10651,1,88.0125,0.0625
MCH-129,Welding Unit,2010,15,2444.0,75.73,13.4,17.9,74.74,6.45,11.24,100,3,59.5,44265.95,0,211.2,2.957316680096696,56.600602,0,152.75,0.1875
MCH-130,Hydraulic Press,2011,14,3268.4,90.41,19.9,18.6,78.12,3.53,17.28,42,3,39.9,62599.72,0,413.8,1.729002417405318,70.628292,0,217.89333333333335,0.2
MCH-131,CNC Mill,2018,7,831.1,69.82,10.9,69.6,71.3,3.84,27.28,363,2,25.5,27121.1,0,87.3,1.9287477840451248,49.781659999999995,1,103.8875,0.25
MCH-132,Welding Unit,2011,14,2572.5,70.47,17.1,66.3,71.71,5.84,14.22,287,1,19.3,17740.56,1,136.3,2.8208106365834,50.534037,1,171.5,0.06666666666666667
MCH-133,Conveyor,2016,9,1295.9,71.62,11.8,32.2,79.42,2.73,8.13,42,3,52.9,42587.12,0,184.5,1.30606124093473,56.880604000000005,0,129.59,0.3
MCH-134,Hydraulic Press,2018,7,1348.4,47.1,14.2,70.8,74.8,2.05,17.57,68,2,22.8,25865.05,0,195.4,1.0106929895245769,35.2308,0,168.55,0.25
MCH-135,Conveyor,2016,9,2308.0,53.78,18.5,48.6,65.38,5.67,20.88,69,2,37.8,37090.86,0,303.5,2.5005543916196618,35.161364,0,230.8,0.2
MCH-136,CNC Mill,2010,15,1640.5,89.61,8.4,74.7,78.29,3.49,13.44,26,0,9.5,2654.27,0,204.8,1.722631748589847,70.155669,0,102.53125,0.0
MCH-137,Lathe,2020,5,909.7,41.67,14.0,48.2,61.46,3.68,27.22,333,1,24.3,18878.2,0,111.7,1.8030233682514105,25.610382,1,151.61666666666667,0.16666666666666666
MCH-138,Hydraulic Press,2019,6,502.5,66.63,6.8,52.5,67.04,6.3,10.1,165,2,36.7,28637.28,0,64.3,2.756543110394843,44.668752000000005,0,71.78571428571429,0.2857142857142857
MCH-139,CNC Mill,2016,9,1483.6,65.66,13.9,27.4,71.48,3.4,11.69,54,0,3.8,1043.03,0,208.1,1.582280419016922,46.933768,0,148.35999999999999,0.0
MCH-140,Conveyor,2021,4,544.5,57.2,10.6,44.9,71.66,5.07,24.08,268,1,19.6,14709.73,0,70.0,2.2939145850120872,40.98952,1,108.9,0.2
MCH-141,Hydraulic Press,2015,10,2235.4,59.41,19.5,44.6,71.89,5.77,6.26,339,3,38.7,27519.9,1,157.7,2.746074133763094,42.70984899999999,1,203.21818181818182,0.2727272727272727
MCH-142,Conveyor,2019,6,811.1,42.49,11.1,49.3,65.51,3.37,6.28,190,2,29.7,29846.31,0,111.2,1.601666398066076,27.835199000000003,1,115.87142857142858,0.2857142857142857
MCH-143,Lathe,2018,7,1138.0,45.32,14.6,79.1,54.66,2.75,14.33,290,1,22.8,18071.76,0,142.9,1.4427477840451248,24.771911999999997,1,142.25,0.125
MCH-144,Hydraulic Press,2008,17,1599.8,66.06,7.9,52.4,66.47,7.13,16.42,268,1,19.7,16419.56,1,46.1,3.385561643835617,43.910082,1,88.87777777777778,0.05555555555555555
MCH-145,Lathe,2017,8,1180.9,69.28,10.7,31.0,78.55,3.76,22.72,13,1,14.7,13462.26,0,169.2,1.6776099919419825,54.419439999999994,0,131.2111111111111,0.1111111111111111
MCH-146,Welding Unit,2017,8,1443.7,83.06,12.6,50.4,72.88,4.98,24.4,31,2,37.6,40681.21,0,201.8,2.1779387590652703,60.534128,0,160.41111111111113,0.2222222222222222
MCH-147,Conveyor,2010,15,3036.3,71.49,17.5,23.4,71.51,6.5,22.51,230,2,34.4,26136.61,1,161.7,3.066357775987107,51.122499,1,189.76875,0.125
MCH-148,Welding Unit,2022,3,524.3,80.01,12.6,46.3,71.39,6.55,22.64,292,1,29.8,23281.02,0,63.5,2.881764705882353,57.119139000000004,1,131.075,0.25
MCH-149,CNC Mill,2022,3,515.3,77.17,13.5,57.7,71.95,6.31,26.69,359,1,20.3,14923.94,0,57.1,2.8316551168412567,55.523815000000006,1,128.825,0.25
MCH-150,Welding Unit,2012,13,2910.4,77.96,16.8,43.6,72.03,3.51,17.23,291,2,31.5,35628.75,1,239.4,1.8709621273166799,56.154588,1,207.8857142857143,0.14285714285714285
MCH-151,Conveyor,2021,4,586.9,48.06,10.8,76.9,64.9,5.69,6.05,45,1,30.3,20478.53,0,84.4,2.38917485898469,31.190940000000005,0,117.38,0.2
MCH-152,Welding Unit,2012,13,3300.6,47.55,19.1,51.1,60.17,10.35,20.39,129,0,5.3,1143.46,1,184.6,4.496003223207091,28.610834999999998,0,235.75714285714284,0.0
MCH-153,Hydraulic Press,2013,12,2117.4,82.39,16.0,48.5,69.69,2.76,5.13,85,3,66.1,55391.17,0,280.1,1.4092780016116033,57.417591,0,162.87692307692308,0.23076923076923078
MCH-154,Welding Unit,2013,12,1304.5,82.28,10.0,26.3,80.47,6.15,21.31,24,1,23.5,19295.42,0,160.7,2.723497179693796,66.210716,0,100.34615384615384,0.07692307692307693
MCH-155,Conveyor,2020,5,916.3,92.92,12.9,71.4,81.0,5.76,28.15,9,1,18.7,20166.33,0,131.9,2.413105560032232,75.26520000000001,0,152.71666666666667,0.16666666666666666
MCH-156,Hydraulic Press,2016,9,1650.3,86.81,12.9,23.5,75.98,3.13,16.7,62,2,26.1,21823.24,0,231.8,1.4797598710717164,65.958238,0,165.03,0.2
MCH-157,CNC Mill,2020,5,667.1,50.62,10.1,54.7,65.57,3.42,20.27,212,1,17.6,16188.2,0,91.8,1.6161466559226432,33.191534,1,111.18333333333334,0.16666666666666666
MCH-158,CNC Mill,2015,10,1216.8,54.34,10.5,62.8,71.18,4.23,10.89,173,2,41.5,28007.49,0,147.2,2.016375503626108,38.67921200000001,0,110.61818181818181,0.18181818181818182
MCH-159,CNC Mill,2008,17,3229.2,48.78,15.3,74.6,60.51,3.94,22.15,365,2,45.9,43053.79,1,107.8,2.176,29.516778,1,179.39999999999998,0.1111111111111111
MCH-160,CNC Mill,2011,14,3385.2,65.02,19.4,36.2,71.57,3.58,29.72,364,4,101.6,97564.19,1,188.1,1.969550362610798,46.534814,1,225.67999999999998,0.26666666666666666
MCH-161,Conveyor,2018,7,1622.8,44.5,16.6,59.3,59.24,4.94,16.17,44,2,28.1,35381.94,0,228.7,2.150254633360194,26.361800000000002,0,202.85,0.25
MCH-162,Welding Unit,2010,15,1729.9,64.3,8.3,60.2,70.51,3.66,22.01,255,0,4.5,1078.12,1,129.0,1.9474810636583402,45.33793000000001,1,108.11875,0.0
MCH-163,Lathe,2015,10,1775.1,77.0,13.9,11.5,75.9,6.35,12.7,135,0,5.8,1759.48,0,200.9,2.8383481063658342,58.443000000000005,0,161.37272727272727,0.0
MCH-164,Welding Unit,2016,9,2543.1,43.8,19.9,12.2,68.91,3.7,28.34,214,1,28.7,26084.37,0,311.6,1.8118694601128125,30.182579999999998,1,254.31,0.1
MCH-165,Welding Unit,2013,12,2889.5,87.83,19.9,36.3,73.03,7.72,27.67,354,4,49.6,49438.89,1,103.9,3.5775245769540693,64.142249,1,222.26923076923077,0.3076923076923077
MCH-166,Hydraulic Press,2016,9,1008.6,85.92,7.8,78.5,65.59,8.4,23.9,242,3,59.4,40473.93,1,77.5,3.711047542304593,56.354928,1,100.86,0.3
MCH-167,Lathe,2011,14,3583.8,46.21,19.1,39.3,63.77,3.0,25.24,13,1,12.5,10077.46,0,475.1,1.4971394037066883,29.468117000000003,0,238.92000000000002,0.06666666666666667
MCH-168,Hydraulic Press,2011,14,2795.4,52.89,16.4,70.5,65.77,3.99,10.43,33,1,19.5,21337.24,0,350.5,1.9068380338436743,34.785753,0,186.36,0.06666666666666667
MCH-169,CNC Mill,2017,8,1521.0,57.64,14.4,20.0,68.91,3.22,12.54,343,2,26.5,24059.89,0,164.3,1.6876373892022567,39.719724,1,169.0,0.2222222222222222
MCH-170,Conveyor,2018,7,1384.4,42.58,15.5,55.0,65.37,8.27,13.61,200,2,31.0,22685.43,1,142.6,3.5891039484286864,27.834546,1,173.05,0.25
MCH-171,CNC Mill,2015,10,1081.2,87.16,9.4,42.4,68.92,3.2,8.61,34,3,78.9,40551.24,0,151.5,1.5091700241740533,60.070671999999995,0,98.2909090909091,0.2727272727272727
MCH-172,CNC Mill,2013,12,2564.4,86.59,15.1,60.7,74.26,5.38,7.31,102,0,6.7,3095.98,0,295.4,2.468921837228042,64.30173400000001,0,197.26153846153846,0.0
MCH-173,Lathe,2020,5,1118.9,70.74,16.7,70.9,71.57,6.64,16.98,175,1,24.4,26294.01,0,144.1,2.8788041901692187,50.62861799999999,0,186.48333333333335,0.16666666666666666
MCH-174,Hydraulic Press,2019,6,1496.0,53.34,20.0,24.3,68.37,4.58,20.11,127,2,29.8,31084.58,0,207.0,2.042515713134569,36.468558,0,213.71428571428572,0.2857142857142857
MCH-175,CNC Mill,2012,13,2002.3,65.63,11.0,60.6,81.07,5.27,25.07,168,1,18.4,15526.68,1,191.7,2.4907155519742146,53.20624099999999,0,143.02142857142857,0.07142857142857142
MCH-176,Hydraulic Press,2008,17,2341.6,71.85,9.7,20.7,82.32,3.3,15.44,173,1,22.8,19030.53,1,196.2,1.7884931506849315,59.146919999999994,0,130.08888888888887,0.05555555555555555
MCH-177,Lathe,2012,13,2714.5,79.8,16.7,42.3,73.39,6.62,23.49,185,1,15.8,14216.07,1,212.9,3.0423593875906527,58.56522,1,193.89285714285714,0.07142857142857142
MCH-178,Conveyor,2016,9,811.1,91.99,6.5,63.5,73.4,3.53,21.71,216,1,24.6,17059.16,0,99.9,1.7452393231265109,67.52065999999999,1,81.11,0.1
MCH-179,Hydraulic Press,2015,10,1455.4,76.67,11.2,43.8,62.38,3.63,20.41,254,0,5.5,1973.54,0,161.0,1.8318549556809023,47.826746,1,132.3090909090909,0.0
MCH-180,Hydraulic Press,2016,9,1899.1,84.72,19.7,66.4,71.62,4.76,21.85,96,0,5.2,2006.86,0,251.5,2.155047542304593,60.676464,0,189.91,0.0
MCH-181,Lathe,2021,4,601.4,44.35,11.0,42.1,65.01,9.49,28.98,129,0,8.3,4129.27,0,74.6,3.9667091055600325,28.831935,0,120.28,0.0
MCH-182,Lathe,2009,16,2261.4,66.18,11.7,59.2,74.61,3.56,20.92,47,3,73.6,61237.55,0,262.8,1.7856035455278003,49.376898000000004,0,133.0235294117647,0.17647058823529413
MCH-183,Conveyor,2022,3,434.5,51.63,13.4,72.1,61.0,5.46,26.7,248,1,9.5,18718.89,0,57.6,2.415627719580983,31.494300000000003,1,108.625,0.25
MCH-184,Conveyor,2018,7,645.1,57.3,6.5,51.1,60.59,9.32,29.04,208,0,5.6,2547.06,1,59.1,4.014583400483481,34.718070000000004,1,80.6375,0.0
MCH-185,Conveyor,2013,12,1841.1,83.48,11.4,15.5,74.68,4.0,22.23,182,0,2.3,877.57,0,202.8,1.9717163577759873,62.342864000000006,1,141.62307692307692,0.0
MCH-186,Welding Unit,2017,8,1260.9,41.63,11.6,79.5,63.97,2.89,11.83,256,0,9.4,3796.74,0,158.1,1.496048348106366,26.630711,1,140.10000000000002,0.0
MCH-187,Lathe,2009,16,3163.5,53.55,16.8,28.8,67.77,4.33,6.84,199,5,108.2,77829.43,0,235.9,2.1977131345688963,36.290834999999994,1,186.08823529411765,0.29411764705882354
MCH-188,Conveyor,2008,17,4026.7,81.87,19.2,16.1,73.99,7.35,7.56,225,3,57.5,31144.71,1,139.7,3.444109589041096,60.575613000000004,1,223.70555555555555,0.16666666666666666
MCH-189,CNC Mill,2009,16,3140.0,87.5,14.4,39.0,68.28,3.53,5.31,48,5,125.6,120580.12,0,364.9,1.7742884770346494,59.745,0,184.7058823529412,0.29411764705882354
MCH-190,CNC Mill,2018,7,883.8,56.56,11.3,14.4,66.99,4.57,17.33,227,1,20.0,11279.41,0,110.0,2.1275970991136184,37.889544,1,110.475,0.125
MCH-191,Welding Unit,2019,6,1145.8,50.76,14.8,31.3,62.98,5.75,7.67,207,1,26.1,22288.93,0,143.3,2.5653102336825144,31.968647999999998,1,163.68571428571428,0.14285714285714285
MCH-192,Welding Unit,2021,4,918.5,72.69,17.5,52.2,66.47,4.23,12.51,360,0,1.8,532.33,0,110.1,2.020928283642224,48.31704299999999,1,183.7,0.0
MCH-193,Welding Unit,2017,8,1606.8,55.42,16.9,35.6,67.23,5.51,24.65,293,0,5.5,2007.66,0,159.8,2.5693908138597905,37.258866000000005,1,178.53333333333333,0.0
MCH-194,Welding Unit,2019,6,730.4,85.72,8.9,69.3,81.02,8.3,6.73,214,2,39.3,30466.06,0,77.6,3.5901047542304596,69.450344,1,104.34285714285714,0.2857142857142857
MCH-195,Conveyor,2020,5,698.0,72.89,11.3,47.4,67.73,3.97,19.56,359,1,25.1,20358.42,0,81.4,1.9368315874294926,49.368397,1,116.33333333333333,0.16666666666666666
MCH-196,Hydraulic Press,2017,8,1307.5,82.29,14.9,34.9,75.9,10.17,21.44,336,2,27.3,32282.31,1,58.3,4.462842868654312,62.458110000000005,1,145.27777777777777,0.2222222222222222
MCH-197,Conveyor,2020,5,641.2,54.23,12.0,46.3,66.84,8.34,17.77,302,0,3.9,1468.65,1,59.4,3.6457904915390817,36.247332,1,106.86666666666667,0.0
MCH-198,Welding Unit,2010,15,1739.8,45.75,10.8,77.3,74.03,9.04,15.4,64,5,55.2,62232.35,0,121.5,3.96865914585012,33.868725,0,108.7375,0.3125
MCH-199,CNC Mill,2013,12,1876.3,78.32,12.7,31.0,68.39,4.02,12.97,63,0,6.5,1620.49,0,242.4,1.8982095084609185,53.563048,0,144.33076923076922,0.0
MCH-200,CNC Mill,2016,9,850.9,70.79,8.4,26.2,78.68,6.37,28.96,212,1,17.7,16411.36,0,88.0,2.8784995970991134,55.69757200000001,1,85.09,0.1
MCH-201,Lathe,2015,10,1733.8,78.76,14.3,62.7,78.92,2.22,10.14,37,0,5.4,1399.26,0,246.5,1.1192248186946012,62.15739200000001,0,157.61818181818182,0.0
MCH-202,Hydraulic Press,2012,13,2503.9,93.13,15.4,37.2,72.02,1.98,12.84,205,4,43.3,49215.56,0,288.1,1.200058017727639,67.07222599999999,1,178.85,0.2857142857142857
MCH-203,Welding Unit,2022,3,480.4,47.37,14.6,31.4,62.86,5.97,7.95,98,1,24.9,15192.26,0,68.4,2.5168879935535857,29.776781999999997,0,120.1,0.25
MCH-204,Lathe,2014,11,1235.7,78.14,8.6,80.0,80.95,4.62,21.13,289,1,17.7,14080.62,0,107.6,2.272415793714746,63.25433,1,102.97500000000001,0.08333333333333333
MCH-205,CNC Mill,2021,4,470.0,47.51,11.0,77.5,69.16,5.12,25.38,263,1,19.9,18731.22,0,60.6,2.3104899274778408,32.857915999999996,1,94.0,0.2
MCH-206,Conveyor,2009,16,3040.6,52.13,13.9,25.7,65.57,6.16,5.82,152,1,26.9,22102.66,1,207.8,2.8975213537469786,34.181641,0,178.85882352941175,0.058823529411764705
MCH-207,CNC Mill,2009,16,2612.8,69.87,14.0,47.9,72.88,4.42,29.77,26,5,79.7,79795.22,0,297.6,2.1152199838839647,50.921256,0,153.69411764705885,0.29411764705882354
MCH-208,Conveyor,2012,13,2547.8,54.45,18.2,16.1,56.0,4.32,26.55,65,1,18.9,20553.48,0,313.9,2.040167606768735,30.492000000000004,0,181.9857142857143,0.07142857142857142
MCH-209,Hydraulic Press,2018,7,1091.0,83.17,12.0,66.4,68.43,5.86,25.34,296,1,23.0,18038.87,0,111.8,2.690857373086221,56.913231,1,136.375,0.125
MCH-210,CNC Mill,2012,13,2596.6,68.29,14.0,67.1,64.98,5.45,27.5,74,3,80.8,60247.2,0,296.8,2.498331990330379,44.37484200000001,0,185.47142857142856,0.21428571428571427
MCH-211,Lathe,2011,14,1329.5,53.62,8.0,37.5,69.82,3.99,26.09,77,4,81.3,53108.74,0,157.6,1.9369750201450442,37.437484,0,88.63333333333334,0.26666666666666666
MCH-212,Hydraulic Press,2014,11,1699.4,91.5,13.2,76.5,87.73,3.94,14.23,172,0,8.5,4178.98,0,200.6,1.9202788074133765,80.27295,0,141.61666666666667,0.0
MCH-213,Welding Unit,2021,4,349.9,51.98,6.9,24.8,63.36,3.71,15.74,142,1,25.5,20210.32,0,50.0,1.6636132151490732,32.93452799999999,0,69.97999999999999,0.2
MCH-214,Welding Unit,2020,5,715.0,42.66,10.8,64.9,58.72,3.58,7.49,240,0,8.6,1721.74,0,96.3,1.699324738114424,25.049951999999998,1,119.16666666666667,0.0
MCH-215,CNC Mill,2011,14,3929.2,88.52,19.9,71.2,69.39,4.15,12.55,145,0,2.5,1177.85,0,408.9,2.0475503626107976,61.424028,0,261.94666666666666,0.0
MCH-216,Welding Unit,2008,17,2308.3,78.47,11.5,55.9,83.36,4.55,10.85,365,0,4.8,1285.71,1,67.8,2.42,65.41259199999999,1,128.2388888888889,0.0
MCH-217,Hydraulic Press,2008,17,1239.4,46.63,6.1,58.6,60.49,4.88,26.51,249,0,0.9,207.86,1,61.4,2.4725479452054797,28.206487000000003,1,68.85555555555555,0.0
MCH-218,Hydraulic Press,2022,3,370.3,84.74,10.2,54.9,74.86,4.1,26.86,351,0,5.6,1395.72,0,46.9,1.9421756647864625,63.436364,1,92.575,0.0
MCH-219,Hydraulic Press,2019,6,728.5,90.59,9.0,41.0,80.25,6.07,20.4,116,0,1.4,586.6,0,97.9,2.630981466559227,72.698475,0,104.07142857142857,0.0
MCH-220,Hydraulic Press,2014,11,1278.7,55.23,10.4,48.7,63.92,3.56,7.11,312,2,49.4,46595.41,0,117.1,1.8641692183722807,35.303016,1,106.55833333333334,0.16666666666666666
MCH-221,Lathe,2011,14,2325.4,81.13,13.2,13.8,86.21,3.96,12.39,127,3,46.1,44344.57,0,254.4,1.95922159548751,69.942173,0,155.02666666666667,0.2
MCH-222,Lathe,2013,12,2555.0,87.34,19.1,35.6,73.07,1.86,19.21,354,1,30.5,18956.38,1,230.3,1.2335245769540695,63.819337999999995,1,196.53846153846155,0.07692307692307693
MCH-223,Conveyor,2008,17,1780.5,43.33,9.7,45.5,65.88,5.08,24.73,326,5,86.7,79574.48,1,57.8,2.605287671232877,28.545803999999997,1,98.91666666666667,0.2777777777777778
MCH-224,Lathe,2016,9,1537.5,57.04,14.6,24.2,82.51,7.01,17.78,84,2,35.6,41084.2,0,188.6,3.046828364222401,47.063704,0,153.75,0.2
MCH-225,CNC Mill,2012,13,2756.7,86.56,15.8,16.0,75.33,3.06,6.45,227,0,6.1,2577.3,0,281.1,1.6471265108783242,65.205648,1,196.90714285714284,0.0
MCH-226,Lathe,2009,16,1107.8,40.62,6.2,34.3,58.13,3.12,17.41,269,5,65.8,92890.92,1,76.1,1.7616583400483483,23.612406,1,65.16470588235293,0.29411764705882354
MCH-227,CNC Mill,2020,5,1108.5,63.61,18.6,28.4,65.85,2.91,18.1,300,0,5.1,2334.82,0,145.4,1.472420628525383,41.887185,1,184.75,0.0
MCH-228,Welding Unit,2013,12,1336.9,89.18,8.2,18.1,85.19,6.38,21.85,265,0,8.6,2937.15,0,90.9,2.9805656728444805,75.972442,1,102.83846153846154,0.0
MCH-229,Lathe,2022,3,344.7,87.16,8.1,74.0,71.78,4.48,18.82,340,1,14.3,18391.07,0,43.4,2.08664141821112,62.563448,1,86.175,0.25
MCH-230,Hydraulic Press,2017,8,1124.9,89.61,11.2,66.3,88.75,6.72,9.48,28,1,13.8,14080.73,0,151.4,2.871883964544722,79.528875,0,124.9888888888889,0.1111111111111111
MCH-231,CNC Mill,2009,16,2340.2,51.04,13.7,31.3,63.11,8.44,19.1,323,1,21.8,19346.5,1,43.5,3.926644641418211,32.211344,1,137.65882352941176,0.058823529411764705
MCH-232,Lathe,2019,6,1510.8,53.48,18.6,38.7,64.1,3.43,5.16,124,2,36.2,45111.73,0,213.6,1.580460918614021,34.28067999999999,0,215.82857142857142,0.2857142857142857
MCH-233,Lathe,2020,5,1054.4,80.0,15.2,47.1,80.98,2.65,7.6,126,1,17.0,21999.02,0,152.0,1.249242546333602,64.784,0,175.73333333333335,0.16666666666666666
MCH-234,Conveyor,2008,17,4516.6,68.59,18.9,36.1,61.01,6.53,22.52,48,4,39.8,61651.99,1,377.5,2.994876712328767,41.846759,0,250.92222222222225,0.2222222222222222
MCH-235,CNC Mill,2008,17,2944.0,53.02,12.1,32.1,58.91,5.61,11.52,206,5,114.0,78427.4,1,155.8,2.735095890410959,31.234081999999997,1,163.55555555555554,0.2777777777777778
MCH-236,Hydraulic Press,2010,15,3262.3,48.55,16.9,42.6,61.31,3.69,9.11,213,0,9.6,2807.93,0,277.4,1.9307139403706688,29.766005,1,203.89375,0.0
MCH-237,Hydraulic Press,2021,4,346.3,77.73,7.7,58.8,69.18,3.6,25.66,25,0,3.3,905.74,0,50.9,1.5394762288477035,53.77361400000001,0,69.26,0.0
MCH-238,CNC Mill,2014,11,1919.6,54.31,13.2,12.2,53.78,5.89,29.77,212,3,57.9,31191.89,1,180.1,2.727676067687349,29.207918,1,159.96666666666667,0.25
MCH-239,Lathe,2009,16,1369.3,94.04,6.2,67.7,77.02,3.12,8.27,195,5,100.0,81880.81,1,119.9,1.710973408541499,72.429608,1,80.54705882352941,0.29411764705882354
MCH-240,Welding Unit,2008,17,3875.2,75.53,20.0,16.4,73.85,5.0,25.23,174,0,4.6,1711.96,1,258.1,2.469178082191781,55.778904999999995,0,215.2888888888889,0.0
MCH-241,Hydraulic Press,2015,10,847.6,49.5,6.4,23.1,67.35,3.03,10.37,148,3,69.4,52572.54,0,110.9,1.519252215954875,33.338249999999995,0,77.05454545454546,0.2727272727272727
MCH-242,Hydraulic Press,2015,10,1503.3,43.35,11.8,19.6,63.5,6.05,11.99,107,1,26.7,26213.59,0,180.7,2.6991700241740535,27.52725,0,136.66363636363636,0.09090909090909091
MCH-243,Lathe,2015,10,1698.5,90.2,13.6,37.2,68.71,5.57,17.56,97,0,2.2,953.84,0,211.7,2.5003207091055604,61.97642,0,154.4090909090909,0.0
MCH-244,Lathe,2020,5,1259.5,82.18,19.9,78.2,71.34,5.63,29.99,56,0,2.7,1282.98,0,178.9,2.3932973408541502,58.62721200000001,0,209.91666666666666,0.0
MCH-245,Conveyor,2020,5,1142.3,86.56,19.9,34.8,72.15,2.18,24.93,93,0,3.2,984.43,0,166.6,1.0386398066075746,62.45304000000001,0,190.38333333333333,0.0
MCH-246,CNC Mill,2008,17,3218.6,71.22,15.8,76.4,63.23,4.57,8.55,257,4,57.9,39230.96,1,162.5,2.3540273972602743,45.032406,1,178.8111111111111,0.2222222222222222
MCH-247,Lathe,2008,17,2425.7,90.48,13.4,19.1,78.44,3.12,10.04,95,2,19.5,28822.59,0,252.4,1.6630684931506852,70.972512,0,134.7611111111111,0.1111111111111111
MCH-248,Welding Unit,2021,4,645.0,43.99,13.4,56.3,57.5,4.99,22.61,305,0,3.2,1343.06,0,79.9,2.2872570507655117,25.29425,1,129.0,0.0
MCH-249,Hydraulic Press,2020,5,931.1,57.45,14.9,49.3,81.15,2.35,22.68,319,1,17.7,11922.75,0,122.4,1.2614343271555197,46.620675,1,155.18333333333334,0.16666666666666666
MCH-250,Conveyor,2010,15,1358.2,78.61,8.5,69.6,72.84,3.81,19.32,295,0,3.2,1226.93,1,85.5,2.0348783239323125,57.259524,1,84.8875,0.0
MCH-251,Hydraulic Press,2009,16,3416.8,80.99,19.1,78.8,79.33,3.56,10.95,90,5,116.1,105928.24,0,368.6,1.8150556003223208,64.24936699999999,0,200.98823529411766,0.29411764705882354
MCH-252,Welding Unit,2015,10,709.5,78.12,6.2,65.1,77.61,2.85,13.76,5,0,7.3,3397.17,0,101.1,1.349307010475423,60.628932000000006,0,64.5,0.0
MCH-253,Hydraulic Press,2022,3,431.3,45.58,11.3,70.5,66.32,7.98,16.99,338,0,0.7,201.93,0,43.8,3.4852715551974214,30.228655999999997,1,107.825,0.0
MCH-254,Welding Unit,2012,13,2741.8,49.36,19.3,61.2,55.96,2.97,14.39,285,0,9.9,4072.38,1,244.2,1.6508525382755843,27.621855999999998,1,195.84285714285716,0.0
MCH-255,Hydraulic Press,2018,7,815.1,48.64,8.3,24.4,66.45,3.52,7.53,102,1,27.1,19876.34,0,114.7,1.6219806607574538,32.32128,0,101.8875,0.125
MCH-256,CNC Mill,2012,13,1309.9,71.45,9.3,20.8,71.87,4.21,26.0,189,0,2.9,1102.19,0,131.6,2.08109911361805,51.35111500000001,1,93.56428571428572,0.0
MCH-257,Welding Unit,2009,16,1156.6,56.05,6.4,69.1,66.22,4.69,7.05,162,3,57.0,45326.05,1,93.1,2.316370668815472,37.11631,0,68.03529411764706,0.17647058823529413
MCH-258,Lathe,2010,15,2032.1,50.26,11.2,40.8,62.64,3.77,6.12,139,1,27.9,17920.77,0,207.3,1.9120290088638194,31.482864,0,127.00625,0.0625
MCH-259,Welding Unit,2009,16,3380.3,62.77,15.4,25.9,71.55,6.78,23.91,36,3,69.9,63224.2,0,309.8,3.066069298952458,44.911935,0,198.84117647058824,0.17647058823529413
MCH-260,Lathe,2017,8,1823.6,44.34,18.3,60.0,67.66,3.93,27.57,262,2,54.6,44630.77,0,215.4,1.916157937147462,30.000444,1,202.6222222222222,0.2222222222222222
MCH-261,CNC Mill,2020,5,876.6,49.19,12.3,23.5,70.76,3.81,10.3,26,1,16.2,14256.85,0,127.9,1.6447493956486705,34.806844,0,146.1,0.16666666666666666
MCH-262,Lathe,2021,4,678.5,79.99,14.3,16.1,63.81,2.99,25.18,289,1,26.0,22550.74,0,91.6,1.4762981466559228,51.041619,1,135.7,0.2
MCH-263,Conveyor,2020,5,1017.5,82.99,15.8,20.5,65.54,3.89,7.81,295,0,5.6,1600.64,0,129.3,1.8609959709911363,54.391646,1,169.58333333333334,0.0
MCH-264,Lathe,2022,3,395.5,61.07,10.8,52.6,68.41,8.76,17.14,24,0,1.4,571.34,0,55.5,3.582203062046737,41.777986999999996,0,98.875,0.0
MCH-265,Lathe,2014,11,2422.9,53.07,18.5,74.5,67.56,4.11,23.64,195,0,7.9,3577.55,0,272.9,2.004032232070911,35.854092,1,201.90833333333333,0.0
MCH-266,Conveyor,2021,4,433.8,80.9,9.2,32.5,78.42,1.85,24.35,218,0,2.1,886.8,0,62.0,0.9716680096696214,63.44178000000001,1,86.76,0.0
MCH-267,CNC Mill,2021,4,486.5,83.53,11.2,59.7,76.24,6.1,6.64,211,0,5.2,1311.03,0,63.5,2.6668734891216763,63.683271999999995,1,97.3,0.0
MCH-268,Hydraulic Press,2021,4,293.0,42.78,6.8,23.9,55.44,7.08,14.01,193,1,22.9,11028.7,0,37.5,3.046544721998389,23.717232,1,58.6,0.2
MCH-269,CNC Mill,2015,10,1618.9,87.88,14.3,34.5,78.06,3.8,19.67,88,2,48.4,30994.32,0,216.9,1.7861563255439161,68.59912800000001,0,147.1727272727273,0.18181818181818182
MCH-270,Welding Unit,2021,4,801.6,87.14,14.0,57.4,79.31,11.11,21.18,142,1,25.4,24949.75,0,88.9,4.623613215149073,69.11073400000001,0,160.32,0.2
MCH-271,Welding Unit,2022,3,267.9,84.05,7.9,52.6,76.12,4.95,10.59,161,1,19.0,13723.48,0,37.8,2.1520386784850927,63.978860000000005,0,66.975,0.25
MCH-272,Welding Unit,2012,13,2776.7,61.84,15.5,45.8,66.26,3.19,7.56,344,2,41.0,32271.82,1,199.6,1.7792634971796937,40.975184000000006,1,198.33571428571426,0.14285714285714285
MCH-273,Conveyor,2009,16,2002.5,57.88,10.7,55.9,74.91,5.26,11.92,338,2,27.6,20796.14,1,68.9,2.664918614020951,43.357907999999995,1,117.79411764705883,0.11764705882352941
MCH-274,CNC Mill,2014,11,2212.7,79.67,15.2,79.8,72.16,6.24,21.39,137,3,52.0,58408.87,0,238.2,2.816306204673651,57.489872,0,184.39166666666665,0.25
MCH-275,CNC Mill,2013,12,2233.9,69.4,16.2,73.5,77.25,3.75,24.62,348,2,41.7,46117.72,1,163.0,1.9854149879129734,53.61150000000001,1,171.83846153846156,0.15384615384615385
MCH-276,Welding Unit,2012,13,1070.9,54.23,7.4,63.4,70.05,3.1,25.21,98,2,40.5,33154.46,0,134.2,1.5747703464947624,37.988115,0,76.49285714285715,0.14285714285714285
MCH-277,Conveyor,2020,5,1109.4,72.21,18.4,18.2,76.01,7.71,16.59,32,0,1.9,768.0,0,153.7,3.2088589846897664,54.886821,0,184.9,0.0
MCH-278,Hydraulic Press,2012,13,2141.0,48.29,11.8,34.0,66.55,9.49,29.81,296,3,39.9,29358.02,1,61.8,4.266386784850927,32.136995,1,152.92857142857142,0.21428571428571427
MCH-279,Conveyor,2018,7,1640.7,43.19,19.8,24.7,59.09,2.72,16.3,91,2,46.9,35890.13,0,234.5,1.2944464141821113,25.520971,0,205.0875,0.25
MCH-280,Lathe,2014,11,1996.2,93.09,14.9,12.6,69.03,8.15,14.58,107,2,57.2,45689.49,0,195.3,3.559758259468171,64.260027,0,166.35,0.16666666666666666
MCH-281,Hydraulic Press,2018,7,573.7,52.44,6.1,31.8,66.63,12.9,26.92,57,1,19.6,9841.69,0,54.1,5.343158742949235,34.940771999999996,0,71.7125,0.125
MCH-282,Welding Unit,2015,10,2092.0,58.58,16.2,79.7,68.12,5.99,27.2,180,3,44.2,64457.93,0,223.8,2.7251700241740537,39.904696,0,190.1818181818182,0.2727272727272727
MCH-283,Hydraulic Press,2008,17,2097.4,47.22,9.2,51.3,66.57,4.9,23.35,91,0,6.5,3009.26,1,186.1,2.3723287671232876,31.434353999999995,0,116.52222222222223,0.0
MCH-284,Welding Unit,2020,5,731.1,94.71,13.5,55.7,79.66,2.84,21.55,15,0,4.2,1529.58,0,107.5,1.2492151490733279,75.44598599999999,0,121.85000000000001,0.0
MCH-285,Lathe,2019,6,645.8,74.67,8.1,56.3,65.69,9.53,12.53,344,2,31.2,26758.18,0,40.4,4.17114585012087,49.050723,1,92.25714285714285,0.2857142857142857
MCH-286,CNC Mill,2016,9,1607.4,46.27,16.1,23.9,58.93,4.26,7.66,107,2,54.0,34596.49,0,214.3,1.9625817888799355,27.266911,0,160.74,0.2
MCH-287,Lathe,2008,17,3285.5,77.85,13.7,26.4,73.63,6.94,17.02,11,5,48.7,70666.5,0,292.0,3.133534246575343,57.320955,0,182.52777777777777,0.2777777777777778
MCH-288,Hydraulic Press,2020,5,884.2,45.57,13.2,26.2,60.73,4.25,11.4,156,1,16.9,10327.0,0,123.2,1.9097904915390815,27.674661,0,147.36666666666667,0.16666666666666666
MCH-289,Welding Unit,2013,12,2442.7,80.62,17.2,63.1,79.54,3.55,7.37,28,0,6.6,2027.9,0,329.6,1.6862369057211926,64.12514800000001,0,187.89999999999998,0.0
MCH-290,CNC Mill,2017,8,1053.1,60.49,9.8,18.0,72.41,1.77,13.57,209,1,16.5,20766.22,0,142.9,1.0158565672844482,43.800809,1,117.0111111111111,0.1111111111111111
MCH-291,Hydraulic Press,2009,16,1694.7,93.99,7.9,17.3,77.05,5.76,26.11,307,3,71.7,42946.26,1,61.9,2.843685737308622,72.41929499999999,1,99.68823529411765,0.17647058823529413
MCH-292,Lathe,2017,8,678.3,86.12,6.4,19.1,82.19,3.23,29.34,254,0,4.4,1744.57,0,84.0,1.6306784850926674,70.782028,1,75.36666666666666,0.0
MCH-293,CNC Mill,2019,6,1380.4,80.9,18.2,25.7,66.76,4.04,23.09,347,1,23.7,18999.94,0,155.8,1.9772006446414183,54.008840000000006,1,197.20000000000002,0.14285714285714285
MCH-294,Welding Unit,2015,10,1427.5,61.17,10.8,49.1,62.72,4.22,25.98,318,0,9.3,3169.32,0,130.1,2.1116905721192585,38.365824,1,129.77272727272728,0.0
MCH-295,Welding Unit,2021,4,448.3,57.63,8.3,29.5,53.8,4.39,13.27,264,0,3.8,849.87,0,59.2,2.0191748589846896,31.00494,1,89.66,0.0
MCH-296,Lathe,2020,5,768.6,67.42,14.0,78.6,69.07,5.92,12.9,339,0,4.1,820.21,0,81.3,2.703132957292506,46.566993999999994,1,128.1,0.0
MCH-297,Welding Unit,2020,5,942.5,56.75,14.5,24.5,76.27,7.03,17.71,348,1,27.8,12961.89,0,88.4,3.15329734085415,43.283225,1,157.08333333333334,0.16666666666666666
MCH-298,Hydraulic Press,2013,12,2153.2,66.02,13.8,60.1,64.72,5.51,21.43,63,0,2.2,987.72,0,260.5,2.494209508460919,42.72814399999999,0,165.6307692307692,0.0
MCH-299,CNC Mill,2016,9,1593.8,42.52,13.3,19.8,58.76,4.2,9.1,214,0,2.0,911.32,0,190.3,2.0118694601128126,24.984752000000004,1,159.38,0.0
MCH-300,CNC Mill,2015,10,1989.8,58.59,17.5,13.3,67.58,4.77,23.93,329,0,4.5,2190.86,1,165.3,2.339224818694601,39.595122,1,180.89090909090908,0.0
MCH-301,Conveyor,2015,10,820.1,70.43,6.1,51.0,71.2,4.44,15.82,265,1,21.5,18120.36,0,83.3,2.163389202256245,50.14616000000001,1,74.55454545454546,0.09090909090909091
MCH-302,CNC Mill,2017,8,1849.2,61.16,18.4,74.1,67.77,4.77,29.49,132,1,18.2,15975.93,0,243.6,2.1631168412570507,41.448131999999994,0,205.46666666666667,0.1111111111111111
MCH-303,CNC Mill,2014,11,2220.2,68.18,14.4,48.3,83.3,2.88,26.08,165,1,17.7,13279.3,0,278.8,1.491484286865431,56.79394,0,185.01666666666665,0.08333333333333333
MCH-304,Conveyor,2019,6,1294.6,67.71,15.1,32.6,77.26,1.55,22.36,64,1,23.4,24091.8,0,189.6,0.7873650282030622,52.312746,0,184.94285714285712,0.14285714285714285
MCH-305,Hydraulic Press,2012,13,2914.7,40.7,18.3,36.7,51.82,2.73,7.66,32,0,7.5,2144.88,0,392.7,1.3815648670427074,21.09074,0,208.19285714285712,0.0
MCH-306,Conveyor,2010,15,3543.5,56.23,17.8,12.3,60.98,4.86,23.84,236,0,6.8,1817.59,1,239.2,2.4144673650282034,34.28905399999999,1,221.46875,0.0
MCH-307,Lathe,2014,11,1394.1,83.94,9.3,56.5,68.14,3.28,12.19,200,3,53.1,61560.19,0,164.0,1.6754568896051572,57.196715999999995,1,116.175,0.25
MCH-308,Conveyor,2008,17,3183.3,87.79,16.4,41.0,70.78,9.03,26.51,120,5,106.4,101483.34,1,135.1,4.044191780821918,62.137762,0,176.85000000000002,0.2777777777777778
MCH-309,Hydraulic Press,2011,14,3386.3,56.18,16.9,57.8,71.53,7.45,9.44,100,1,21.7,11563.36,0,285.1,3.3367284448025787,40.185554,0,225.75333333333336,0.06666666666666667
MCH-310,Hydraulic Press,2010,15,1725.9,40.31,8.3,75.6,58.57,3.35,16.66,25,1,29.8,24287.39,0,217.1,1.6659468170829976,23.609567000000002,0,107.86875,0.0625
MCH-311,Hydraulic Press,2015,10,2178.1,44.01,17.1,46.8,63.7,4.25,22.69,99,0,1.6,513.64,0,285.3,1.9736905721192588,28.03437,0,198.0090909090909,0.0
MCH-312,Lathe,2011,14,3392.0,58.21,18.4,76.5,69.97,2.94,12.34,321,4,69.9,77681.17,1,246.1,1.6840983078162772,40.729537,1,226.13333333333333,0.26666666666666666
MCH-313,Hydraulic Press,2018,7,873.9,75.32,10.8,27.1,71.39,3.86,27.97,25,2,49.9,37601.34,0,125.7,1.7052409347300563,53.770948,0,109.2375,0.25
MCH-314,Lathe,2016,9,1556.2,68.43,16.1,46.0,74.08,5.35,24.26,265,3,51.8,49883.51,1,156.3,2.5068009669621274,50.692944000000004,1,155.62,0.3
MCH-315,Conveyor,2009,16,1896.6,69.59,8.3,14.6,79.11,3.0,5.18,348,5,114.4,72657.24,1,95.8,1.7677679290894441,55.052649,1,111.56470588235294,0.29411764705882354
MCH-316,CNC Mill,2021,4,907.4,82.64,15.8,75.8,71.51,3.08,21.16,356,0,7.2,1598.22,0,115.4,1.5581885576148269,59.095864,1,181.48,0.0
MCH-317,Conveyor,2020,5,518.4,85.19,9.5,38.5,67.21,9.08,27.77,235,1,15.5,17319.97,1,52.6,3.8959000805801773,57.256198999999995,1,86.39999999999999,0.16666666666666666
MCH-318,Welding Unit,2009,16,3418.9,78.55,16.6,75.0,70.95,6.82,6.81,59,2,45.8,31404.97,0,292.5,3.0978227236099922,55.731225,0,201.11176470588236,0.11764705882352941
MCH-319,Hydraulic Press,2014,11,1664.5,66.07,11.5,19.5,76.4,2.22,18.34,205,2,50.1,47305.74,0,205.6,1.254881547139404,50.47747999999999,1,138.70833333333334,0.16666666666666666
MCH-320,Hydraulic Press,2008,17,2970.9,46.78,13.7,51.8,67.82,2.55,5.13,280,4,99.4,96755.62,1,189.9,1.5617808219178082,31.726195999999995,1,165.05,0.2222222222222222
MCH-321,Conveyor,2011,14,2164.4,68.19,11.8,25.5,60.05,8.83,9.02,134,1,16.7,14285.41,1,133.8,3.912016116035455,40.948094999999995,0,144.29333333333335,0.06666666666666667
MCH-322,Hydraulic Press,2015,10,1638.6,76.94,15.0,23.8,77.94,4.43,11.27,302,3,76.1,55713.25,1,152.5,2.1847316680096696,59.967036,1,148.96363636363637,0.2727272727272727
MCH-323,CNC Mill,2017,8,637.4,66.72,7.0,56.2,68.2,4.38,13.21,360,2,26.9,39270.37,0,59.9,2.163281224818695,45.50304,1,70.82222222222222,0.2222222222222222
MCH-324,Hydraulic Press,2008,17,2410.3,79.17,10.4,29.4,84.53,5.86,21.02,189,1,22.9,17439.15,1,131.7,2.823452054794521,66.922401,1,133.90555555555557,0.05555555555555555
MCH-325,Lathe,2015,10,1550.0,73.36,13.7,70.1,68.89,3.79,26.04,76,1,21.3,10506.43,0,209.5,1.7739371474617243,50.537704000000005,0,140.9090909090909,0.09090909090909091
MCH-326,Hydraulic Press,2021,4,564.1,72.0,13.1,51.3,65.16,4.67,15.13,23,1,27.2,21486.65,0,82.3,1.9661063658340048,46.9152,0,112.82000000000001,0.2
MCH-327,Conveyor,2014,11,1359.5,80.33,9.1,42.5,65.95,5.59,12.27,266,0,5.0,2271.97,0,113.3,2.644662369057212,52.977635,1,113.29166666666667,0.0
MCH-328,Welding Unit,2018,7,732.1,64.54,8.3,76.4,74.51,5.41,9.48,342,0,4.8,1275.1,0,70.2,2.5423642224012895,48.08875400000001,1,91.5125,0.0
MCH-329,Hydraulic Press,2011,14,1164.1,42.35,6.9,73.5,70.81,8.4,10.17,189,3,52.5,42337.41,1,61.2,3.777687348912168,29.988035,1,77.60666666666665,0.2
MCH-330,Lathe,2009,16,3212.6,85.63,15.9,28.4,70.67,5.5,25.87,283,4,50.4,54570.32,1,139.4,2.723247381144239,60.514721,1,188.9764705882353,0.23529411764705882
MCH-331,Welding Unit,2016,9,1226.4,52.26,9.5,67.2,64.89,6.19,15.15,181,3,73.3,49253.86,0,136.5,2.785266720386785,33.911514,1,122.64000000000001,0.3
MCH-332,Lathe,2010,15,1739.1,55.44,9.2,21.0,68.55,1.74,8.76,313,5,116.1,80452.41,0,137.2,1.2192070910556003,38.00412,1,108.69375,0.3125
MCH-333,Conveyor,2015,10,1932.4,72.49,15.5,38.8,74.34,3.35,21.18,129,0,5.9,2087.38,0,254.2,1.634238517324738,53.889066,0,175.6727272727273,0.0
MCH-334,Lathe,2010,15,1186.0,49.9,6.8,52.0,65.9,3.31,28.96,293,5,48.8,71997.03,1,81.1,1.833508460918614,32.884100000000004,1,74.125,0.3125
MCH-335,Hydraulic Press,2011,14,2483.2,87.7,12.3,68.1,68.69,3.26,9.26,312,1,29.7,18636.31,1,178.0,1.8059339242546335,60.241130000000005,1,165.54666666666665,0.06666666666666667
MCH-336,Welding Unit,2010,15,2885.6,64.94,16.1,26.1,64.6,6.83,19.76,202,1,11.9,17776.48,1,164.1,3.1791796937953265,41.95124,1,180.35,0.0625
MCH-337,Lathe,2021,4,356.8,66.17,8.1,12.7,65.1,12.84,20.37,277,0,6.6,2387.79,0,22.2,5.40807896857373,43.07666999999999,1,71.36,0.0
MCH-338,Conveyor,2022,3,757.8,63.73,19.1,71.2,69.6,4.81,15.52,362,1,19.9,19151.54,0,91.5,2.233709911361805,44.35607999999999,1,189.45,0.25
MCH-339,Hydraulic Press,2020,5,1110.4,78.32,16.4,19.4,76.53,2.44,7.44,249,0,0.8,290.5,0,152.9,1.2494891216760677,59.938295999999994,1,185.0666666666667,0.0
MCH-340,Conveyor,2011,14,1150.6,40.39,6.1,46.4,62.09,3.44,18.06,197,1,22.9,14266.03,0,113.4,1.7991668009669624,25.078151000000002,1,76.70666666666666,0.06666666666666667
MCH-341,Conveyor,2012,13,1599.5,71.06,9.7,79.4,77.06,3.38,20.3,208,1,22.9,16948.04,0,165.4,1.762112812248187,54.758836,1,114.25,0.07142857142857142
MCH-342,CNC Mill,2015,10,1133.9,58.94,9.6,61.5,68.58,3.92,22.64,342,0,4.5,1118.42,0,99.9,2.008128928283642,40.421052,1,103.08181818181819,0.0
MCH-343,Conveyor,2016,9,1245.8,70.28,11.6,59.5,67.95,9.25,22.43,87,3,73.2,35564.07,0,132.3,3.9448831587429494,47.75526,0,124.58,0.3
MCH-344,Welding Unit,2014,11,922.4,60.4,7.2,60.7,71.66,3.58,20.23,210,2,46.2,49522.69,0,104.9,1.8023062046736504,43.28264,1,76.86666666666666,0.16666666666666666
MCH-345,CNC Mill,2015,10,846.7,91.19,6.1,23.6,80.52,6.61,17.95,311,1,25.2,18589.34,1,58.7,3.0628960515713137,73.426188,1,76.97272727272728,0.09090909090909091
MCH-346,Conveyor,2009,16,4355.3,59.42,20.0,51.0,59.01,7.08,14.88,270,0,0.7,199.74,1,147.6,3.346343271555198,35.063742000000005,1,256.1941176470588,0.0
MCH-347,Lathe,2022,3,509.8,84.85,14.2,77.4,68.86,4.09,10.66,237,1,20.4,13802.91,0,70.5,1.8600934730056407,58.42771,1,127.45,0.25
MCH-348,Hydraulic Press,2016,9,1295.0,84.16,10.1,71.3,80.57,4.7,28.92,299,2,49.3,42511.19,1,127.4,2.2700886381950043,67.807712,1,129.5,0.2
MCH-349,Hydraulic Press,2020,5,768.6,72.28,12.4,18.1,74.48,6.91,5.68,39,1,28.7,19488.83,0,107.8,2.8936535052377117,53.83414400000001,0,128.1,0.16666666666666666
MCH-350,Welding Unit,2014,11,2690.9,40.53,19.4,27.4,66.33,5.39,25.8,52,3,66.6,49210.16,0,343.5,2.4180870265914587,26.883549,0,224.24166666666667,0.25
MCH-351,CNC Mill,2013,12,1837.2,54.8,10.9,57.8,66.09,2.31,28.68,102,3,63.9,40129.52,0,243.2,1.240921837228042,36.21732,0,141.32307692307694,0.23076923076923078
MCH-352,Welding Unit,2011,14,3426.0,59.58,17.7,18.4,70.02,4.87,24.47,45,3,62.9,44621.72,0,404.8,2.2670572119258665,41.717915999999995,0,228.4,0.2
MCH-353,Conveyor,2013,12,2208.1,94.19,14.7,70.8,79.61,2.69,27.42,256,1,33.9,16841.35,0,232.6,1.4984012892828364,74.98465900000001,1,169.85384615384615,0.07692307692307693
MCH-354,Hydraulic Press,2010,15,1395.8,66.31,6.8,45.2,64.49,6.83,18.52,206,5,110.5,70296.91,1,78.0,3.1819194198227234,42.763319,1,87.2375,0.3125
MCH-355,Hydraulic Press,2019,6,483.4,60.87,6.1,35.3,68.06,5.89,7.52,137,0,2.4,921.42,0,64.3,2.573365028203062,41.428122,0,69.05714285714285,0.0
MCH-356,Lathe,2010,15,2232.0,78.54,13.0,69.8,73.7,4.54,14.31,148,3,34.5,41542.45,0,207.4,2.2261933924254635,57.88398000000001,0,139.5,0.1875
MCH-357,Conveyor,2019,6,678.7,63.77,9.8,20.2,62.11,5.48,14.52,81,1,23.5,21714.69,0,94.4,2.3710088638195006,39.607547,0,96.95714285714287,0.14285714285714285
MCH-358,Lathe,2016,9,1975.2,56.5,16.1,49.7,61.74,7.47,19.05,208,0,0.6,205.78,1,186.5,3.315759871071716,34.8831,1,197.52,0.0
MCH-359,Conveyor,2015,10,1907.9,59.82,16.4,66.7,67.01,3.76,18.94,181,0,3.5,1335.85,0,233.9,1.8338549556809025,40.085382,1,173.44545454545457,0.0
MCH-360,Welding Unit,2017,8,1533.3,93.87,15.1,32.8,85.4,4.85,12.12,266,1,25.6,15617.01,0,169.8,2.2868976631748588,80.16498,1,170.36666666666667,0.1111111111111111
MCH-361,Hydraulic Press,2018,7,1894.0,75.23,19.4,39.5,77.73,2.47,28.21,318,2,38.8,23342.04,0,233.2,1.3499258662369058,58.476279000000005,1,236.75,0.25
MCH-362,CNC Mill,2013,12,2418.5,73.3,15.1,72.1,73.33,6.4,14.89,190,4,71.9,59498.07,0,210.3,2.937195809830782,53.75089,1,186.03846153846155,0.3076923076923077
MCH-363,Welding Unit,2019,6,647.4,80.91,9.3,24.7,77.84,4.57,23.74,208,0,9.4,2031.79,0,84.7,2.0939951651893636,62.980344,1,92.48571428571428,0.0
MCH-364,Conveyor,2016,9,1647.6,54.43,16.7,55.8,72.44,3.41,8.88,204,2,31.2,26286.42,0,207.0,1.6890201450443192,39.429092,1,164.76,0.2
MCH-365,Conveyor,2021,4,362.2,59.63,8.4,70.5,65.34,1.66,27.88,244,1,18.7,21250.26,0,51.4,0.9134762288477035,38.962242,1,72.44,0.2
MCH-366,Hydraulic Press,2017,8,1338.5,88.25,12.4,54.8,81.07,5.08,15.87,278,1,28.3,13691.6,0,142.5,2.3871168412570505,71.544275,1,148.72222222222223,0.1111111111111111
MCH-367,Welding Unit,2013,12,1591.3,40.58,11.8,63.1,53.76,2.22,18.08,74,2,31.1,34565.12,0,215.5,1.1857437550362613,21.815807999999997,0,122.4076923076923,0.15384615384615385
MCH-368,Welding Unit,2012,13,974.0,56.11,6.1,10.5,62.47,6.16,10.78,196,1,20.6,14076.53,0,78.1,2.8658936341659955,35.051916999999996,1,69.57142857142857,0.07142857142857142
MCH-369,Lathe,2021,4,526.4,63.22,11.3,63.5,62.24,3.1,10.99,318,1,20.3,19662.67,0,69.3,1.5401611603545529,39.348128,1,105.28,0.2
MCH-370,Lathe,2010,15,1311.3,65.04,7.9,59.0,64.49,3.3,16.32,256,1,15.0,17796.75,0,102.2,1.8041659951651894,41.944296,1,81.95625,0.0625
MCH-371,Welding Unit,2012,13,1702.7,79.99,9.8,20.5,64.33,2.77,10.82,257,1,16.9,21434.3,1,166.3,1.5516744560838034,51.457567,1,121.62142857142858,0.07142857142857142
MCH-372,Welding Unit,2019,6,1221.1,86.4,17.1,13.9,80.84,4.11,28.79,205,0,1.8,495.04,0,162.5,1.9079403706688156,69.84576000000001,1,174.44285714285712,0.0
MCH-373,CNC Mill,2021,4,355.9,79.31,6.2,78.2,73.55,5.87,14.62,131,0,7.4,2958.54,0,49.4,2.5200789685737313,58.332505,0,71.17999999999999,0.0
MCH-374,CNC Mill,2015,10,1630.3,91.49,11.4,61.0,71.83,5.22,8.97,286,0,6.4,2984.04,1,145.8,2.489772763900081,65.71726699999999,1,148.20909090909092,0.0
MCH-375,Conveyor,2009,16,1829.7,40.83,9.3,50.9,68.08,8.57,24.86,207,1,8.6,15780.95,1,63.7,3.899192586623691,27.797064,1,107.62941176470588,0.058823529411764705
MCH-376,CNC Mill,2010,15,1845.7,48.67,11.2,53.3,56.75,4.62,7.29,325,0,6.4,2799.62,1,89.0,2.379426269137792,27.620225,1,115.35625,0.0
MCH-377,Lathe,2015,10,1337.2,83.37,9.3,66.4,72.42,3.53,23.92,229,1,12.1,15574.02,0,155.3,1.7747316680096694,60.376554000000006,1,121.56363636363636,0.09090909090909091
MCH-378,Conveyor,2015,10,2030.6,69.85,15.9,49.7,73.73,3.49,17.25,283,2,31.7,39386.68,0,214.8,1.7957179693795327,51.500405,1,184.6,0.18181818181818182
MCH-379,Hydraulic Press,2010,15,1179.7,56.26,7.0,35.7,64.4,4.19,11.58,5,5,90.3,103995.23,0,146.2,1.9882481869460114,36.23144,0,73.73125,0.3125
MCH-380,Hydraulic Press,2020,5,872.1,43.48,14.7,67.3,61.18,2.8,29.18,102,1,22.6,15129.77,0,126.3,1.2928041901692184,26.601063999999997,0,145.35,0.16666666666666666
MCH-381,Welding Unit,2009,16,1536.0,42.41,7.3,22.5,66.7,6.82,28.44,21,1,11.7,9910.72,0,145.8,3.071795326349718,28.28747,0,90.3529411764706,0.058823529411764705
MCH-382,Lathe,2018,7,1175.5,72.47,12.9,25.5,68.98,5.77,6.23,41,0,2.1,980.55,0,163.4,2.480199838839645,49.989806,0,146.9375,0.0
MCH-383,Hydraulic Press,2015,10,1870.8,70.69,17.2,39.1,72.22,2.44,28.46,193,0,2.7,597.01,0,239.7,1.3140741337630941,51.05231799999999,1,170.07272727272726,0.0
MCH-384,Conveyor,2009,16,4392.4,45.34,19.2,47.2,71.34,9.19,23.13,102,1,19.4,16174.44,1,227.0,4.075274778404513,32.34555600000001,0,258.3764705882353,0.058823529411764705
MCH-385,CNC Mill,2014,11,2446.1,71.71,16.4,59.2,68.45,3.84,21.86,223,0,1.8,542.26,0,267.1,1.9152103142626915,49.085495,1,203.84166666666667,0.0
MCH-386,CNC Mill,2016,9,2219.4,59.38,20.0,79.4,69.24,5.12,12.88,171,2,36.4,37335.18,0,267.6,2.3504174053182916,41.114712,0,221.94,0.2
MCH-387,Lathe,2017,8,1313.4,70.26,13.6,35.2,74.37,10.01,23.61,236,1,24.3,12280.5,1,92.0,4.33034971796938,52.252362000000005,1,145.93333333333334,0.1111111111111111
MCH-388,Conveyor,2016,9,997.6,40.36,7.9,25.0,53.37,2.71,29.61,166,0,9.4,4471.9,0,133.1,1.3829927477840451,21.540132,0,99.76,0.0
MCH-389,Conveyor,2016,9,1615.2,45.19,14.0,20.9,67.98,3.06,16.51,140,2,48.7,29252.3,0,217.5,1.505184528605963,30.720162000000002,0,161.52,0.2
MCH-390,Lathe,2014,11,1766.8,44.25,14.0,43.8,59.07,4.47,13.12,254,0,3.0,1118.66,0,171.3,2.18844319097502,26.138475,1,147.23333333333332,0.0
MCH-391,Welding Unit,2020,5,461.6,59.14,6.8,39.2,65.15,4.9,25.43,66,0,8.5,3316.41,0,66.0,2.108146655922643,38.52971,0,76.93333333333334,0.0
MCH-392,Conveyor,2008,17,1891.5,69.7,10.3,45.2,70.83,7.21,8.74,118,1,16.2,14334.52,1,111.8,3.3148219178082194,49.36850999999999,0,105.08333333333333,0.05555555555555555
MCH-393,Conveyor,2017,8,1204.2,55.94,13.1,19.3,79.42,3.62,14.86,47,1,18.2,13096.44,0,170.9,1.6448976631748593,44.427547999999994,0,133.8,0.1111111111111111
MCH-394,Hydraulic Press,2014,11,2059.0,47.42,16.8,44.2,61.78,6.81,18.98,338,1,27.5,17741.58,1,109.7,3.181977437550363,29.296076000000003,1,171.58333333333334,0.08333333333333333
MCH-395,CNC Mill,2020,5,795.0,71.68,12.0,39.0,74.91,9.38,7.81,192,1,14.7,17888.39,0,86.1,3.9864480257856574,53.695488000000005,1,132.5,0.16666666666666666
MCH-396,Lathe,2013,12,2524.7,64.32,14.6,13.1,72.22,3.88,8.65,124,1,21.2,17070.65,0,306.5,1.8839903303787269,46.45190399999999,0,194.2076923076923,0.07692307692307693
MCH-397,CNC Mill,2011,14,3828.6,87.78,19.3,11.0,79.29,6.98,25.5,360,0,4.7,1983.42,1,112.7,3.3268106365834007,69.600762,1,255.23999999999998,0.0
MCH-398,Lathe,2011,14,2570.2,70.18,13.6,79.5,75.16,5.49,20.58,360,0,9.1,2517.4,1,102.8,2.7308106365834006,52.747288,1,171.34666666666666,0.0
MCH-399,Lathe,2012,13,1520.8,54.92,8.8,76.2,71.81,7.15,16.62,39,3,64.3,62194.69,0,164.5,3.154359387590653,39.438052,0,108.62857142857142,0.21428571428571427
MCH-400,Welding Unit,2008,17,2404.6,61.26,10.1,45.6,75.29,5.81,29.49,55,2,38.4,21731.46,0,213.7,2.711671232876712,46.122654000000004,0,133.58888888888887,0.1111111111111111
MCH-401,Conveyor,2016,9,1834.4,53.61,19.0,33.3,64.23,3.21,18.24,206,1,15.2,12972.39,0,231.9,1.6103900080580178,34.433703,1,183.44,0.1
MCH-402,CNC Mill,2012,13,2946.3,88.33,17.4,67.0,73.05,5.46,27.26,20,4,98.8,65075.42,0,363.3,2.465345688960516,64.525065,0,210.45000000000002,0.2857142857142857
MCH-403,Welding Unit,2009,16,3272.6,77.29,16.2,58.1,75.28,5.26,26.82,218,1,22.0,16519.26,1,198.2,2.5827268331990334,58.18391200000001,1,192.50588235294117,0.058823529411764705
MCH-404,CNC Mill,2016,9,921.5,71.96,7.8,24.2,72.54,4.57,22.1,75,2,48.4,44115.79,0,124.6,2.0646639806607574,52.199784,0,92.15,0.2
MCH-405,Welding Unit,2018,7,1889.6,57.46,19.1,76.4,60.44,6.04,18.93,65,0,8.8,3780.75,0,257.7,2.6046381950040294,34.728824,0,236.2,0.0
MCH-406,Hydraulic Press,2014,11,1512.5,85.19,10.2,61.7,78.78,10.65,20.92,82,1,11.7,17112.53,1,121.0,4.5426349717969385,67.11268199999999,0,126.04166666666667,0.08333333333333333
MCH-407,CNC Mill,2017,8,1281.4,52.77,13.9,35.1,67.16,3.82,22.18,357,1,18.7,17071.71,0,128.0,1.9372264302981468,35.440332,1,142.3777777777778,0.1111111111111111
MCH-408,CNC Mill,2021,4,567.6,49.01,11.4,38.6,64.23,5.01,10.66,12,1,26.4,18599.83,0,82.8,2.0945721192586624,31.479123,0,113.52000000000001,0.2
MCH-409,Hydraulic Press,2009,16,1941.5,64.16,8.5,58.2,72.29,4.83,20.43,239,1,23.0,21367.17,1,115.5,2.4251103948428687,46.381264,1,114.20588235294117,0.058823529411764705
MCH-410,Conveyor,2014,11,2163.1,72.66,14.6,71.3,69.57,4.84,18.13,24,0,8.3,4139.63,0,288.4,2.178908944399678,50.549561999999995,0,180.25833333333333,0.0
MCH-411,Welding Unit,2016,9,1391.1,70.67,11.5,54.1,76.57,2.97,17.9,30,1,16.9,15621.58,0,198.3,1.3938420628525385,54.112019000000004,0,139.10999999999999,0.1
MCH-412,Conveyor,2010,15,2316.4,43.0,11.9,20.0,63.56,3.39,17.92,335,3,33.6,33014.45,1,132.3,1.8942755842062853,27.3308,1,144.775,0.1875
MCH-413,CNC Mill,2010,15,2048.6,41.37,11.5,72.8,68.39,2.44,16.34,108,3,31.8,47604.71,0,242.6,1.3587961321514908,28.292943,0,128.0375,0.1875
MCH-414,Welding Unit,2019,6,1075.1,78.84,16.3,16.0,70.86,5.21,20.85,201,2,48.0,44048.05,0,138.4,2.345200644641418,55.866023999999996,1,153.58571428571426,0.2857142857142857
MCH-415,Welding Unit,2008,17,4031.0,71.1,16.8,20.5,79.16,4.37,21.49,79,1,21.6,17132.07,1,389.5,2.152109589041096,56.28275999999999,0,223.94444444444446,0.05555555555555555
MCH-416,Welding Unit,2012,13,2134.3,47.24,14.8,53.6,55.67,3.81,10.07,134,0,8.6,1734.84,0,245.5,1.8834278807413376,26.298508,0,152.45000000000002,0.0
MCH-417,CNC Mill,2011,14,1657.3,64.96,9.0,52.1,63.34,4.17,16.05,8,1,25.8,22794.09,0,211.8,1.9617147461724416,41.145664,0,110.48666666666666,0.06666666666666667
MCH-418,CNC Mill,2008,17,1587.0,59.2,8.6,12.3,71.0,6.65,8.63,300,4,61.5,41954.11,1,42.4,3.2154794520547947,42.032,1,88.16666666666667,0.2222222222222222
MCH-419,Hydraulic Press,2010,15,2995.9,78.03,15.4,65.1,79.02,7.57,19.87,95,3,65.8,44405.63,0,229.5,3.40189202256245,61.659305999999994,0,187.24375,0.1875
MCH-420,CNC Mill,2013,12,3072.2,81.71,18.6,14.5,77.76,4.31,26.08,246,1,18.7,14353.27,0,286.3,2.1395519742143434,63.537696,1,236.3230769230769,0.07692307692307693
MCH-421,Welding Unit,2019,6,580.3,71.43,8.9,47.0,65.29,8.71,29.48,49,1,26.4,23759.75,0,75.8,3.641091055600323,46.63664700000001,0,82.89999999999999,0.14285714285714285
MCH-422,Conveyor,2017,8,1665.9,71.63,17.9,74.9,75.98,4.13,20.58,319,2,40.2,37739.07,0,175.9,2.035199033037873,54.424474000000004,1,185.10000000000002,0.2222222222222222
MCH-423,Conveyor,2011,14,3198.6,40.09,15.9,53.8,58.47,3.43,5.6,65,1,31.6,18624.76,0,396.3,1.7047558420628528,23.440623000000002,0,213.23999999999998,0.06666666666666667
MCH-424,Hydraulic Press,2020,5,796.3,51.07,14.9,65.3,65.69,4.09,12.04,162,1,19.9,13135.75,0,111.0,1.8499000805801775,33.547883,0,132.71666666666667,0.16666666666666666
MCH-425,Welding Unit,2014,11,2300.2,41.6,16.1,33.1,67.23,3.91,9.39,178,3,78.7,61477.68,0,269.6,1.9123883964544723,27.967680000000005,0,191.6833333333333,0.25
MCH-426,Conveyor,2022,3,763.0,65.44,18.1,74.9,72.16,4.43,25.35,33,1,24.4,15568.79,0,111.9,1.8563674456083803,47.221503999999996,0,190.75,0.25
MCH-427,Welding Unit,2018,7,1048.4,83.77,10.6,20.5,76.48,4.09,6.66,20,1,31.0,24934.19,0,150.7,1.79381627719581,64.067296,0,131.05,0.125
MCH-428,Hydraulic Press,2010,15,2988.6,81.33,14.3,32.0,77.94,5.98,22.63,21,2,35.0,26497.86,0,325.4,2.7152070910556003,63.388602,0,186.7875,0.125
MCH-429,Hydraulic Press,2011,14,2122.0,60.58,13.4,24.1,70.47,5.71,5.93,52,3,57.8,56380.38,0,235.1,2.6078517324738115,42.690726,0,141.46666666666667,0.2
MCH-430,Lathe,2022,3,536.4,57.07,12.8,63.9,62.4,5.1,13.18,55,0,0.4,183.78,0,78.0,2.139435938759065,35.61168,0,134.1,0.0
MCH-431,Hydraulic Press,2008,17,1911.8,86.65,10.4,33.3,82.24,5.46,26.8,28,0,6.6,2463.57,0,188.6,2.553178082191781,71.26096000000001,0,106.21111111111111,0.0
MCH-432,Conveyor,2018,7,1536.6,50.59,18.5,32.3,61.8,9.21,11.92,230,2,21.5,19871.14,0,133.9,3.9856518936341665,31.26462,1,192.075,0.25
MCH-433,Conveyor,2016,9,1358.0,59.27,13.2,19.9,64.08,4.46,12.96,365,2,37.2,33624.98,1,114.9,2.219294117647059,37.980216,1,135.8,0.2
MCH-434,Welding Unit,2015,10,720.7,89.68,6.7,36.9,81.11,3.45,6.26,49,3,51.0,61569.18,0,99.8,1.619443996776793,72.739448,0,65.51818181818182,0.2727272727272727
MCH-435,Lathe,2017,8,1048.0,50.9,11.0,66.7,63.04,2.1,23.96,45,1,18.6,20641.69,0,151.5,1.0355278001611605,32.08736,0,116.44444444444444,0.1111111111111111
MCH-436,Hydraulic Press,2015,10,1348.9,82.16,10.3,76.3,72.39,1.7,16.76,78,2,51.0,44369.56,0,190.2,0.9393070104754231,59.475623999999996,0,122.62727272727274,0.18181818181818182
MCH-437,Lathe,2015,10,1394.5,46.21,12.8,69.2,55.94,6.07,16.97,149,2,37.8,28889.69,0,157.0,2.735937147461725,25.849874,0,126.77272727272727,0.18181818181818182
MCH-438,CNC Mill,2013,12,1807.6,56.62,13.8,51.3,70.92,5.31,16.52,127,4,50.2,50329.85,0,200.5,2.4580451248992747,40.154904,0,139.04615384615383,0.3076923076923077
MCH-439,Welding Unit,2021,4,771.5,93.91,15.7,34.0,73.34,4.4,19.18,360,0,6.7,2770.94,0,91.7,2.088928283642224,68.873594,1,154.3,0.0
MCH-440,Hydraulic Press,2009,16,2838.5,70.53,14.3,22.3,71.14,2.82,25.55,212,0,6.9,3077.12,1,244.8,1.602617244157937,50.175042000000005,1,166.97058823529412,0.0
MCH-441,Conveyor,2015,10,1631.9,51.97,15.0,50.7,68.22,9.14,8.47,330,0,6.6,1897.18,1,68.0,4.087909750201451,35.453934,1,148.35454545454547,0.0
MCH-442,Lathe,2017,8,1124.5,88.26,12.3,65.6,72.1,4.55,12.49,352,1,33.0,27837.58,0,106.1,2.2258017727639,63.63546,1,124.94444444444444,0.1111111111111111
MCH-443,Lathe,2017,8,702.5,62.23,6.1,30.6,63.66,4.01,8.19,194,2,48.9,45338.08,0,89.8,1.9015825946817084,39.615618,1,78.05555555555556,0.2222222222222222
MCH-444,CNC Mill,2021,4,430.6,63.74,10.0,53.8,78.11,5.79,19.75,200,1,19.9,18439.86,0,57.3,2.535339242546334,49.787313999999995,1,86.12,0.2
MCH-445,Welding Unit,2016,9,1452.9,86.2,11.4,79.8,73.0,5.64,8.86,348,1,11.0,9737.5,0,112.2,2.67965028203062,62.926,1,145.29000000000002,0.1
MCH-446,Conveyor,2018,7,1220.6,44.66,12.1,39.1,64.78,3.26,21.06,238,2,40.8,27991.19,0,158.4,1.6111313456889604,28.930747999999998,1,152.575,0.25
MCH-447,Conveyor,2021,4,590.2,50.22,12.3,50.5,74.13,5.17,20.11,126,1,20.4,18736.49,0,83.1,2.2366543110394845,37.228086,0,118.04,0.2
MCH-448,Welding Unit,2015,10,1761.1,66.48,15.9,19.9,71.91,5.89,22.26,274,2,32.6,35183.31,1,151.3,2.749553585817889,47.805768,1,160.1,0.18181818181818182
MCH-449,Conveyor,2018,7,1641.3,44.29,16.4,65.9,68.53,3.62,20.84,164,2,21.2,32792.55,0,223.1,1.7044464141821114,30.351937,0,205.1625,0.25
MCH-450,Conveyor,2022,3,507.9,63.16,12.6,65.9,75.53,4.85,29.01,153,0,9.2,3846.44,0,72.0,2.1065592264302984,47.704748,0,126.975,0.0
MCH-451,Hydraulic Press,2012,13,1116.3,49.3,6.9,79.3,75.17,3.4,6.29,324,0,0.8,364.35,0,83.6,1.8495648670427076,37.05881,1,79.73571428571428,0.0
MCH-452,CNC Mill,2012,13,1203.0,87.18,7.9,17.8,74.31,4.86,5.36,94,4,88.8,57223.31,0,138.2,2.276030620467365,64.78345800000001,0,85.92857142857143,0.2857142857142857
MCH-453,Welding Unit,2015,10,1075.3,41.82,8.5,77.7,57.39,3.63,29.6,309,1,29.8,18514.99,1,106.2,1.8695261885576147,24.000498000000004,1,97.75454545454545,0.09090909090909091
MCH-454,Conveyor,2019,6,1023.4,80.39,14.9,55.0,74.0,10.56,13.63,64,0,4.0,1695.38,0,120.9,4.391365028203062,59.4886,0,146.2,0.0
MCH-455,Lathe,2011,14,2108.6,66.1,11.3,70.9,78.47,5.34,8.63,11,2,52.0,48973.37,0,254.6,2.4317695406929896,51.868669999999995,0,140.57333333333332,0.13333333333333333
MCH-456,Welding Unit,2009,16,3931.3,92.59,18.8,74.3,77.97,4.7,15.79,144,2,33.2,27565.28,0,333.9,2.308041901692184,72.192423,0,231.25294117647059,0.11764705882352941
MCH-457,Welding Unit,2020,5,896.3,76.95,15.5,46.4,70.57,4.88,24.26,351,0,0.1,22.04,0,100.0,2.295352135374698,54.303615,1,149.38333333333333,0.0
MCH-458,CNC Mill,2009,16,2841.3,59.33,13.4,27.6,73.25,4.29,23.13,22,0,0.6,280.91,0,328.4,2.0604802578565677,43.459224999999996,0,167.13529411764708,0.0
MCH-459,Hydraulic Press,2017,8,1589.9,46.6,14.9,19.1,68.64,6.36,26.41,341,2,44.9,46270.49,0,126.5,2.942267526188558,31.986240000000002,1,176.65555555555557,0.2222222222222222
MCH-460,Welding Unit,2012,13,2308.4,75.13,12.5,29.3,66.41,2.49,28.07,223,2,32.6,22675.9,0,248.4,1.4163867848509266,49.893832999999994,1,164.8857142857143,0.14285714285714285
MCH-461,Welding Unit,2013,12,2776.7,84.7,19.9,14.9,76.53,6.81,9.45,107,4,65.2,47951.98,0,285.6,3.044346494762289,64.82091,0,213.59230769230768,0.3076923076923077
MCH-462,Lathe,2011,14,2258.6,64.29,14.6,12.4,68.76,9.14,11.47,41,4,89.2,51909.08,1,186.2,3.9723174858984693,44.20580400000001,0,150.57333333333332,0.26666666666666666
MCH-463,Lathe,2022,3,236.5,48.34,6.5,37.4,63.64,6.38,13.25,6,1,20.2,21240.06,0,34.4,2.6178742949234493,30.763576000000004,0,59.125,0.25
MCH-464,Lathe,2016,9,1002.5,77.91,9.2,18.5,76.63,2.39,24.5,279,2,30.4,26276.68,0,120.6,1.3323900080580178,59.70243299999999,1,100.25,0.2
MCH-465,Welding Unit,2013,12,2316.5,44.43,13.5,63.7,70.71,7.78,16.49,336,1,11.4,11774.87,1,90.3,3.5891958098307817,31.416452999999997,1,178.19230769230768,0.07692307692307693
MCH-466,Welding Unit,2022,3,298.5,66.76,7.5,40.7,66.9,5.25,27.13,102,0,0.3,81.46,0,42.8,2.2316277195809833,44.662440000000004,0,74.625,0.0
MCH-467,CNC Mill,2009,16,3582.0,67.48,17.1,66.8,72.71,4.97,29.12,13,0,3.4,1093.62,0,402.3,2.3263158742949237,49.064708,0,210.7058823529412,0.0
MCH-468,Welding Unit,2020,5,960.2,91.7,15.2,47.6,74.76,3.43,26.76,301,0,0.4,158.46,0,123.5,1.6811055600322322,68.55492000000001,1,160.03333333333333,0.0
MCH-469,Lathe,2022,3,613.5,78.57,18.9,22.1,73.44,7.16,8.26,30,1,22.9,21431.13,0,87.9,2.946312651087833,57.70180799999999,0,153.375,0.25
MCH-470,Lathe,2021,4,771.2,72.72,17.4,14.4,74.53,3.86,20.39,108,1,22.1,19464.6,0,111.2,1.7003255439161966,54.198216,0,154.24,0.2
MCH-471,Hydraulic Press,2018,7,1102.3,86.0,14.1,63.5,79.66,1.43,24.83,308,0,1.2,389.46,0,143.2,0.9270765511684126,68.5076,1,137.7875,0.0
MCH-472,CNC Mill,2016,9,864.4,72.01,8.3,65.4,77.35,2.23,8.33,328,3,63.8,42490.56,0,97.4,1.301951651893634,55.699735000000004,1,86.44,0.3
MCH-473,CNC Mill,2022,3,283.5,88.78,7.2,66.5,74.82,2.86,15.41,248,0,6.4,2071.1,0,39.9,1.375627719580983,66.425196,1,70.875,0.0
MCH-474,Lathe,2017,8,1621.9,79.45,15.7,16.2,67.36,7.13,20.3,159,1,20.7,17185.84,0,185.3,3.1256099919419826,53.517520000000005,0,180.2111111111111,0.1111111111111111
MCH-475,Welding Unit,2017,8,1202.3,69.68,11.1,63.9,68.57,5.15,10.48,342,0,1.9,770.59,1,109.6,2.458952457695407,47.779576,1,133.58888888888887,0.0
MCH-476,Lathe,2015,10,1121.5,42.37,8.5,30.0,54.93,4.02,21.12,227,2,35.4,32708.19,0,126.7,1.969361804995971,23.273840999999997,1,101.95454545454545,0.18181818181818182
MCH-477,Hydraulic Press,2022,3,455.5,41.6,13.5,15.0,52.0,4.96,17.87,125,1,21.3,15572.6,0,65.1,2.131381144238517,21.632,0,113.875,0.25
MCH-478,CNC Mill,2011,14,2812.2,45.39,16.9,70.9,62.32,7.34,23.44,197,1,15.1,10537.86,1,170.4,3.3591668009669617,28.287048,1,187.48,0.06666666666666667
MCH-479,CNC Mill,2022,3,492.5,60.54,14.5,23.6,75.67,6.3,16.44,188,1,12.7,14689.38,0,66.6,2.710531829170024,45.810618000000005,1,123.125,0.25
MCH-480,Conveyor,2009,16,3548.3,49.42,17.9,72.0,63.08,3.9,13.59,314,1,27.8,18092.54,1,178.4,2.1044802578565673,31.174135999999997,1,208.72352941176473,0.058823529411764705
MCH-481,Hydraulic Press,2021,4,449.4,68.7,9.2,25.2,69.0,10.29,26.55,247,1,20.0,17841.71,1,42.6,4.367531023368251,47.403,1,89.88,0.2
MCH-482,Lathe,2014,11,2177.1,72.55,14.1,50.2,73.58,7.53,8.72,7,3,74.4,61154.87,0,266.0,3.24326510878324,53.38228999999999,0,181.42499999999998,0.25
MCH-483,CNC Mill,2014,11,1837.8,83.89,13.4,41.7,73.65,5.22,25.53,128,0,0.1,48.5,0,215.1,2.4021418211120067,61.784985000000006,0,153.15,0.0
MCH-484,CNC Mill,2013,12,1588.7,44.99,10.1,31.3,61.86,3.6,16.99,365,3,75.2,41033.61,1,111.4,1.937058823529412,27.830814,1,122.20769230769231,0.23076923076923078
MCH-485,Hydraulic Press,2021,4,717.3,87.94,15.8,59.3,80.02,4.58,20.67,5,0,6.9,1993.94,0,105.1,1.917777598710717,70.369588,0,143.45999999999998,0.0
MCH-486,Lathe,2019,6,1464.0,83.7,19.2,15.7,78.77,4.34,24.69,176,2,52.8,44525.69,0,197.7,1.9800773569701853,65.93049,0,209.14285714285714,0.2857142857142857
MCH-487,Conveyor,2009,16,2264.5,42.25,11.4,55.4,63.07,2.02,14.16,365,0,7.7,2313.69,1,125.6,1.3874117647058823,26.647075,1,133.2058823529412,0.0
MCH-488,Lathe,2009,16,3249.4,81.38,15.1,59.2,79.0,5.15,26.78,120,2,30.7,32297.04,0,281.3,2.4716035455278003,64.2902,0,191.14117647058825,0.11764705882352941
MCH-489,Lathe,2013,12,1619.3,68.97,10.8,59.7,60.19,14.51,8.07,352,4,97.7,74000.45,1,12.1,6.292154713940371,41.513042999999996,1,124.56153846153846,0.3076923076923077
MCH-490,CNC Mill,2011,14,3208.2,44.41,18.5,30.2,58.97,5.27,27.45,44,0,1.1,269.66,0,370.8,2.426372280419017,26.188576999999995,0,213.88,0.0
MCH-491,Lathe,2016,9,1864.2,62.91,19.3,75.2,64.18,5.8,22.06,247,2,37.7,20107.92,1,187.4,2.6744721998388394,40.375638,1,186.42000000000002,0.2
MCH-492,Welding Unit,2021,4,950.8,68.58,17.2,50.5,67.46,9.64,13.4,340,1,22.9,18649.64,1,74.1,4.171229653505238,46.264067999999995,1,190.16,0.2
MCH-493,CNC Mill,2012,13,2540.9,56.86,13.9,25.9,69.79,3.11,24.73,195,2,42.6,31409.16,0,275.5,1.6452087026591458,39.682594,1,181.49285714285716,0.14285714285714285
MCH-494,Conveyor,2017,8,2018.9,55.69,18.9,68.8,66.55,9.99,29.33,359,2,44.6,34555.03,1,83.2,4.406596293311846,37.06169499999999,1,224.32222222222222,0.2222222222222222
MCH-495,Lathe,2010,15,2205.4,51.28,12.2,56.6,70.2,5.07,22.68,181,1,19.7,12348.19,1,175.3,2.4607961321514904,35.998560000000005,1,137.8375,0.0625
MCH-496,Conveyor,2014,11,2835.7,92.13,19.0,20.9,83.17,7.21,28.2,284,2,41.0,48045.7,1,177.6,3.3049911361805,76.624521,1,236.3083333333333,0.16666666666666666
MCH-497,CNC Mill,2018,7,725.5,89.88,8.1,58.2,71.52,8.61,16.05,250,0,5.5,1762.69,1,63.9,3.759350523771152,64.28217599999999,1,90.6875,0.0
MCH-498,Lathe,2015,10,1307.5,73.45,11.0,46.9,73.55,3.31,9.88,147,1,13.8,14994.83,0,169.5,1.6305672844480257,54.02247500000001,0,118.86363636363636,0.09090909090909091
MCH-499,Lathe,2016,9,1294.8,73.17,11.5,13.9,71.63,5.11,17.79,346,2,36.7,30143.91,1,107.5,2.466280419016922,52.411671,1,129.48,0.2
MCH-500,Welding Unit,2012,13,1659.1,64.51,10.8,25.1,71.06,7.96,19.03,232,3,67.9,72516.43,1,88.9,3.6105511684125706,45.840806,1,118.50714285714285,0.21428571428571427
