XGBoost_prob,LightGBM_prob,RandomForest_prob,ExtraTrees_prob
0.00095611904,0.0004119088023533026,0.06466388172041819,0.2413267958211648
0.024327038,0.0012314863347165684,0.03160904200808177,0.17560217188013014
0.9510101,0.9921960478983536,0.7586844073799394,0.7072132300441699
0.072716825,0.0189863216312285,0.23018258514939471,0.3299553708803951
4.7185706e-05,0.00011117484478381493,0.0571647545220705,0.16947579832583945
8.280123e-05,0.0002974045208312955,0.03850395835305955,0.13181849270038998
0.9461427,0.9887332533297811,0.7656219026072719,0.6576364806116938
0.0034059756,0.0008196670965875248,0.06472621335076022,0.19834372360934274
0.0003660788,0.0007355904936269971,0.25265512635888787,0.48418363818688936
1.5985526e-05,0.00014223413759466695,0.016073952284683547,0.11437615460405297
0.9989532,0.9977990382237802,0.8210294807016685,0.7665047749871586
0.00028837926,0.00020982005559741943,0.0670806054945603,0.1508899734351576
0.9180612,0.966444412799884,0.6287961793674335,0.601305151725084
0.013073965,0.0029686031303652696,0.21183648695647797,0.1854274347932806
0.0021943476,0.001171705481295672,0.17904839579465726,0.4500900696512342
0.002226321,0.0009794853700302493,0.030324977456193,0.11671772083676953
0.0035209581,0.000508336526158408,0.06036121078664283,0.3288477633485564
0.95579845,0.9856154835755142,0.83335550968577,0.7158186513902345
0.0009807504,0.000705180205399664,0.05613680286109761,0.1859812912136374
0.99876595,0.9994797294651068,0.9015168591820207,0.8092760310400015
0.9999982,0.9999463409662748,0.9446318163025957,0.873530922332716
0.97186726,0.9959592586735349,0.8285564365806346,0.862618220754118
1.4108883e-06,4.252708317456719e-05,0.03146901234580149,0.16006390584092872
0.0010240552,0.0013090245975858003,0.29764161134675826,0.5667923748645408
1.0359482e-06,7.193169021938989e-05,0.0021352611651235293,0.04568581469981294
0.9999963,0.9999429248173856,0.9408354047916344,0.8709610902411967
0.0040979553,0.00023546977085300112,0.0826501983368744,0.25757469714842035
0.9834435,0.9980597956259738,0.8759435387703504,0.7832550763808602
0.9583232,0.9922416216837484,0.776033657125644,0.7280785379855625
0.00020746846,0.00014073870834612425,0.1929593964002746,0.4186139810645495
0.00060395885,0.00020247175665999255,0.04415498769501763,0.2423953719745524
0.16542916,0.013405013167427822,0.5127120894665869,0.6520214339921107
8.696976e-05,0.00038376260845102264,0.07458735583789061,0.15860156153322022
0.38299718,0.017933730946061693,0.5571740869841372,0.7229875970633075
0.0013054165,0.005159990188102851,0.10283791996414876,0.26780301469566115
0.03317236,0.002348293328066911,0.14629010095420422,0.22997658143255442
5.0191804e-05,4.535570176764437e-05,0.02481577170895469,0.10755600810067442
2.2087959e-06,9.489524592964849e-05,0.033081716999039175,0.10932333529792893
0.10298733,0.011583455853469383,0.36461639001134066,0.45501795915175364
0.0015064578,0.00014276965663041858,0.059933775317145,0.2611920510861644
0.005230402,0.0002523007872037938,0.03647077766529107,0.174400098838128
0.99635196,0.9983593681921741,0.8431228336335177,0.5731149567144529
0.9617609,0.9866884713237936,0.8229665683238017,0.6579528173850029
5.3033214e-06,0.00010251490285681035,0.051808260150956895,0.1735574118788721
8.2122915e-06,7.276913843345552e-05,0.03169540932888429,0.11992363954974007
0.9971091,0.9995343721861213,0.9270297750819436,0.7872779197860598
3.2711355e-06,5.852080206221629e-05,0.007074073620537861,0.05209790838341696
7.016797e-05,0.00017554235452050076,0.19968056909321114,0.4022592348667245
0.0002364616,0.00010352114663719323,0.03829558528483726,0.16357414463027362
0.9754406,0.9842662565268396,0.8734410667116752,0.7176169835218854
3.8557937e-05,4.8371659031004886e-05,0.01711521724305905,0.031871676533722575
0.98327535,0.9933961979944864,0.8946643357974718,0.7308740312700333
0.00063832576,6.418775594747131e-05,0.03093982709966808,0.1655258345105055
0.002006819,0.000509529953169913,0.0815318572343684,0.1661401401857716
0.99859744,0.998027997651828,0.8872521078502268,0.8263209409871592
0.0006522854,0.0002200568679718192,0.043683846226993533,0.1772556174242656
0.00079491636,0.0005463695914773252,0.03943446013249735,0.16084152187063785
3.167538e-06,2.5311102450508426e-05,0.02008791812138912,0.10989147729604327
0.0021759786,0.00029897106134981995,0.08518528713519452,0.26951377928203474
0.00052417873,0.00018277868536206154,0.01594536742870394,0.08651210684092234
0.00011773988,0.0003997310826329331,0.08052776905936776,0.252323605515551
0.9999794,0.9998959708157308,0.9452811313941928,0.8592560924931624
2.0715957e-07,9.047213501471302e-05,0.024898130493778786,0.05742786285499589
0.004076409,0.0006427390140710919,0.0700617955462102,0.16207169208607955
0.30139902,0.02617030351393368,0.6915217590198738,0.6194424874683679
2.3754973e-07,3.1806325888247005e-05,0.013469180169466067,0.04108888414839674
0.85040265,0.9880373517390658,0.7556714730839483,0.6318589758697667
0.99988925,0.9997656814819115,0.9252047039688344,0.8063786079219233
0.6334219,0.03322774821331554,0.6079205847708337,0.5689834629046249
0.9915803,0.9975136953665016,0.8263962797351887,0.6851851179120524
0.011962141,0.0023300486374467915,0.4348804835306237,0.48145734001073803
0.00024505594,0.00039075170967530024,0.20562345582043082,0.46914964121182884
2.5115653e-06,0.00015421155631979876,0.00869124684075013,0.044201436212055176
0.007965449,0.0011160614649173364,0.10442772024445252,0.15692397479614265
0.9982169,0.994639081067942,0.8701335089954398,0.760100328213351
0.10715439,0.005819200014215569,0.16895150568630968,0.2307230313885543
0.022552645,0.00278965992112266,0.10498297056303145,0.3339818799032833
0.00014154828,7.387723946938394e-05,0.05396589141062055,0.2094987990272487
0.1833692,0.008291101351999262,0.14970437450353477,0.295858024769196
2.5479943e-07,3.6234349324825514e-05,0.008506314720058122,0.053860402551819335
0.0016755755,0.000293432594346896,0.12485510110432071,0.16213420352419217
0.00076448795,0.0001242459271467418,0.039886949492614246,0.21947454998768579
0.9999976,0.9999100001332567,0.9489639533702454,0.8983611128012852
0.0009780695,0.0005379394167293293,0.1141990846758508,0.1718223652627381
9.3737964e-07,4.841794978872181e-05,0.006371236299210477,0.029389808155132667
3.5727735e-06,5.6499393975648826e-05,0.06193697232639848,0.13317686754768102
1.1428373e-06,3.73046061835295e-05,0.003164798133471749,0.05466708844136983
0.9657029,0.989323746992811,0.5583071346177424,0.49082208882921863
4.1960553e-07,3.161146812711029e-05,0.0062961093850742765,0.026543728081727537
4.3960167e-06,8.499261187574296e-05,0.004897616101087507,0.05169431278129649
4.489017e-06,0.00011508970380736259,0.028460818213563718,0.08896387522758811
0.9999682,0.9997262042056664,0.9548514577535958,0.8365223232598125
0.011060982,0.0007010626266725089,0.053830320651117924,0.14950967029151768
0.00035047717,0.00013534861806109068,0.08784087169428849,0.19422055981599853
0.99681133,0.9992966317230834,0.7848049579524929,0.711034884880563
0.009143613,0.0021608191100177918,0.3136424385450629,0.5216108800537155
0.0005229987,0.0002202460005874399,0.06546441020970682,0.1416570913839653
0.9969302,0.9983176482230518,0.9123483248515872,0.7711909627246945
0.0034603819,0.0005946363873181634,0.20087514276102705,0.47488129316115363
2.6798267e-07,7.087007259548784e-05,0.032109554932878474,0.11148443919201044
8.648527e-07,0.00011627005842819011,0.019951509454338864,0.11093820936396698
0.0059747854,0.0017711861272115272,0.11828272194896514,0.4336492681911228
0.00030222622,0.0005107844818058433,0.022920986294776936,0.1687852075055874
0.0006678209,0.0001941017008240018,0.11420168864824051,0.44832959215737067
0.0005541069,0.00019296687748501857,0.11112556308995104,0.3688251377340385
0.011634764,0.0006667401101596536,0.1122011093730931,0.19265576446966542
0.00874326,0.003259630402267838,0.16453844420819144,0.2693597338281182
0.004400351,0.0002653426598620161,0.09224445476273532,0.4013836149749139
0.0058014398,0.005515412688870728,0.10825011983178282,0.15627790154441207
0.00010277613,0.00011263139731590057,0.042563429895850574,0.20707339594623275
0.00025918815,0.000323132557893335,0.09426732400670128,0.3177145775237804
0.019888947,0.000678812410067172,0.13639415286543993,0.27531199467048156
5.9995735e-05,9.952355194176603e-05,0.039790098238167364,0.1255598467390311
0.9823375,0.9941846990947535,0.7172808193914346,0.4725533111894274
0.096183985,0.001757427780535055,0.1318755981503863,0.33013413701146355
0.9941989,0.9945692914245909,0.8136565893119354,0.7337708781881213
5.8088222e-05,0.00013576817231064528,0.04406614492645823,0.195933076448625
0.121987216,0.010378471062849219,0.2571221661500447,0.36349227011560425
0.014044947,0.0015343340607019973,0.17530395841090965,0.2354114924922417
0.04490949,0.0017078706163657575,0.1798171215316967,0.24226224767311946
0.059961718,0.002737982385307596,0.2618902128654967,0.5059249884255683
0.9985839,0.9993262850414512,0.9244609793658206,0.8293473051808229
0.004085015,0.0026158029670608545,0.23480226268094456,0.3809011374315457
0.002994293,0.0009951918861100157,0.08564757117285988,0.1919973796959577
0.27472392,0.01798556581222864,0.4415325905860418,0.6785676885483081
0.00017632752,0.00046316874519338657,0.09367551019208627,0.3904382316926353
0.026499286,0.01073983421342844,0.11028299267888132,0.30336063915157574
4.2156982e-05,9.40185423726944e-05,0.057038669253350924,0.1292298598199523
0.03376694,0.0010262515856131922,0.059275657276895266,0.1732483680464845
0.0031673787,0.008984110776131864,0.5842163697814424,0.5197755602158225
0.99996376,0.99976787439502,0.921336589888614,0.8170632161088246
1.0938194e-06,4.421705366569908e-05,0.00922642205716322,0.045488611456709016
3.2047242e-07,5.626062197924646e-05,0.0041871412615327374,0.07653764332008488
0.11286263,0.001618289009938641,0.17210561005132882,0.22467402055039373
0.013979747,0.0005979162275528724,0.0526485671055988,0.11498103577743571
0.0056813853,0.0005570557358436561,0.06965568916558221,0.23216297852492032
0.9997087,0.9995580015813822,0.8581822233305154,0.7975373715422959
0.0023224133,0.007922134309759946,0.3672103238588796,0.46831731985429714
2.616136e-05,8.526337024922974e-05,0.0413027427692257,0.17335082208134056
0.99770266,0.9994199039202084,0.9044936112821007,0.8866251575247539
0.000695835,0.00016730912490484117,0.07045786362943036,0.24997337348178728
0.14463738,0.010224757362663043,0.21172884584710025,0.34958424673570915
0.93505216,0.9978627993010158,0.7162878366303024,0.7041574188273151
0.0037130571,0.0005175713502098263,0.1083401354704313,0.30337656463415363
7.7401026e-08,2.4629129515720652e-05,0.0015027462862684574,0.04182988570567707
0.07528208,0.011575743436790234,0.6033043889144016,0.5790579141057023
0.9908174,0.9963616307389584,0.8129222768382987,0.6648248588957415
0.0028785425,0.0002609455236612,0.1338760769223552,0.19199384778204215
0.9948697,0.9980616221101892,0.9211983031665675,0.7474670931339756
1.4584816e-06,3.402527972165061e-05,0.01079678440208476,0.0379828360781622
0.039106146,0.00977911810468005,0.4493919503699684,0.5128315891546156
0.0189946,0.0026910790096801554,0.39312133684848277,0.6199875343519499
0.9998511,0.9998004547364937,0.9446366751184491,0.8098351972447021
2.1259183e-07,2.622593210066483e-05,0.005085025724442095,0.04027421866850487
5.765451e-05,6.552488500170349e-05,0.022374523074978413,0.13850772195564703
2.579714e-07,2.4030340827806494e-05,0.01086764248631875,0.036296908995021276
0.001650175,0.0012201999245771296,0.09989548883080733,0.1277648661113859
0.9942305,0.9946099335160834,0.8124453226869985,0.6096557413572655
2.4984474e-05,8.018729670095315e-05,0.09615371916427035,0.3566091513252521
0.046174362,0.0009562274359260578,0.11106149642396451,0.26598238359915166
9.6703625e-05,9.047404505042384e-05,0.0567934218729806,0.3124100487570089
2.5859192e-05,3.95927189698391e-05,0.04093568860618236,0.14115978978346497
0.0033137044,0.0003130009760543271,0.12769898007219024,0.14424230307907268
1.3586094e-06,7.951859615241142e-05,0.002099375997659415,0.022679113121452495
7.529038e-06,4.050512386889685e-05,0.023693745100395,0.11035496019639922
0.04404352,0.001151074181001374,0.13085592689398207,0.3016595393651894
0.00039808688,0.0001966208839765275,0.04639914841552423,0.15503601267932401
0.9995499,0.9994307173128606,0.9412255351020005,0.8406746644229609
0.00045034438,0.0002520427872268192,0.11839888546443625,0.23308384272073795
0.0010601595,0.0002548250222881981,0.03378603625561017,0.11000473957946416
7.0859096e-06,3.51885158271167e-05,0.06179459306812036,0.14052300513861277
0.99622846,0.9985620755754878,0.9249120478661444,0.7985682959397462
0.011172635,0.0011994380234800527,0.12234292656748234,0.15228305153338106
0.007803075,0.002887256857192296,0.18319543111880232,0.4328991476284446
0.12170571,0.011494007661352128,0.28174836666058484,0.3488362894545844
0.9869501,0.9962548901165211,0.76479559717327,0.7808548281428664
0.99999845,0.9999449039490889,0.9573285515898025,0.8807273960125882
1.7430216e-06,4.109540282115378e-05,0.02182624636914383,0.10631335404002001
0.053765826,0.011820624001232937,0.3049583544009502,0.447321231533391
0.3667251,0.013111238689762342,0.33760720222852764,0.6061135197755341
8.054452e-07,0.00011146371756542207,0.002633387388900223,0.05755273506994383
0.99759007,0.9989830219847304,0.8815004260661093,0.7739223610740045
0.99985135,0.9998841495396206,0.9537714252725712,0.8251271215059789
0.0017275845,0.0005328499198476885,0.12680117350839168,0.3800023860318923
1.2089026e-06,0.00011141516296278277,0.009804854258819898,0.059725827567729296
4.75537e-06,5.676081779405251e-05,0.018193935395520888,0.09080447411505123
2.3906017e-05,0.00011370217278271403,0.04727295355496998,0.2265465229763965
0.00018062274,0.00013653144261740834,0.03140603255569872,0.16533912088803654
4.1668236e-06,6.650001726669586e-05,0.0076751099337951725,0.026551598766856307
0.00012071742,0.00011245863885917993,0.08894557475267369,0.3236804962698097
5.1200595e-07,3.6878023377649136e-05,0.031833366796818814,0.16542014633956925
0.00042563296,0.00020433873998200694,0.102793854284111,0.3822612827404913
0.09578641,0.0275960818648714,0.794534315906782,0.6401568901912187
0.9979196,0.9997720329623047,0.8402489104672674,0.7696543913665779
0.99617046,0.9991136756143458,0.8968843656343211,0.8256166980941486
0.0027881411,0.0008108020576580478,0.2370249162575348,0.29222758722706166
0.033490773,0.005497077898781045,0.2518306405753433,0.33352032723482034
4.148645e-07,2.966669689507093e-05,0.010785425524492007,0.054685349512734724
0.0011686306,0.0007089773282224906,0.1228231306493202,0.42212896425336865
0.192189,0.026559283705873078,0.48248310111675535,0.5684641648945199
0.99999,0.9999106973890952,0.9614990407280586,0.8503129748147409
5.609422e-05,0.00012670736103474728,0.02713454158240043,0.11661791844832554
0.0010002918,0.00022484096334200507,0.1275446926684403,0.3635189725257845
2.1898768e-05,0.0001423344474595334,0.061687630739469056,0.13853059456885072
5.1688476e-05,0.00010845852050449055,0.02741164020616942,0.16264140035248237
0.0008741703,0.0003179599423087701,0.1407263564495558,0.2237643329816338
2.3136916e-05,0.00010813393085875979,0.018307216615554563,0.09358200205613011
0.00033859783,0.0006366841445063577,0.05831252444611339,0.21458024782211144
0.9999956,0.9998339368157403,0.9548060441764703,0.937062774972067
2.1794951e-05,0.00018322088363243605,0.030239953895942463,0.11277279355748072
0.00048580416,0.00011879098614692967,0.03674573332501981,0.1355396554999727
0.99729997,0.9993638113957886,0.9226380321900567,0.8801079992821854
0.00072439073,8.760643224616799e-05,0.08278956830551266,0.19636699077737
0.99808407,0.9991116707149906,0.9201256289547795,0.7717531562123487
0.00013329551,0.00035469149905779685,0.015569954374899792,0.07225533117775043
0.123396054,0.02483232173603766,0.5534853885276222,0.6629398430509016
0.004014192,0.00036771244682769536,0.09071314949480974,0.11234398888033363
0.0008330874,4.61729512121019e-05,0.07578766460976306,0.0993329120231675
5.6624134e-07,2.783713109238739e-05,0.016092476674310643,0.1076821657827486
0.051778574,0.005179386413266198,0.08069307946883414,0.16792543478747513
0.0022858668,0.00016967540259389655,0.07954457011057502,0.28118764163530036
0.0033204625,0.0003328756551091832,0.15014942870747483,0.28897426788120706
0.988032,0.9974716379566261,0.8476090660560943,0.7259465179148786
3.6602346e-06,5.170758583453033e-05,0.028190487632260022,0.1657499372880405
8.593879e-08,3.0156566837982917e-05,0.0015014349828328425,0.03375300541753652
0.99940014,0.9983976016438744,0.9149933169567553,0.7834528933451154
1.2476722e-06,3.401591882868937e-05,0.004959867448163671,0.01679390325735329
0.0005276899,0.0003148780109272276,0.1337197504281404,0.29275870775013424
0.19879055,0.01113518475518709,0.44332818634765553,0.658523389233418
0.99940896,0.9987079779303617,0.9427851911392839,0.8430093770613963
0.99982494,0.9996703586397863,0.9041363931120131,0.7792951489167791
0.9863414,0.9952283446818747,0.7487491083887489,0.6367342984655762
0.99305665,0.9977039929745298,0.8612096055079236,0.7641642022249096
6.391272e-07,4.180651121707723e-05,0.022645040395951884,0.08351453983701457
3.5233028e-05,8.393495924900344e-05,0.017566168675166676,0.09090175347527917
3.3318468e-06,6.180061091023041e-05,0.02794497458104323,0.09903659582492906
0.01964489,0.0027015283061680197,0.09427363045206504,0.13131847374005212
0.0033027518,0.0003590265059799776,0.0776124597527159,0.1471276022110804
0.9999461,0.9998901782595725,0.9551721241301074,0.8602534075088102
2.0675154e-05,0.00011234105647867535,0.02596283785440442,0.18697222232875169
4.927154e-05,0.00016707183824042767,0.032459999763887755,0.16166912487002683
0.002843041,0.0005877499873774776,0.08707093301395599,0.2592909548237717
0.0049687005,0.00044207094855100107,0.06372278985204892,0.1374708014830759
0.97228235,0.9944890857445522,0.7775643697689764,0.735782280690066
0.99999607,0.9998763898815958,0.9566954624982068,0.9277923885490448
0.9989729,0.99586868764877,0.7773274056763053,0.8461494459337259
1.922724e-05,0.00014268460769833584,0.05915517498253831,0.2980173287207039
6.8839006e-07,4.559456345714997e-05,0.003877083682502,0.04433282322538413
0.99648166,0.9989640827986171,0.8776319936003653,0.7751657777902333
0.99961215,0.9995902132823348,0.9365025026511514,0.7828245716317889
0.034838267,0.0007145155444997587,0.18768573344038375,0.21367075237699165
0.00014681548,0.00023908321677151107,0.08940460931182653,0.2896643154346244
0.010523668,0.0015790570307612423,0.1460964979085062,0.30844427956119264
0.9857582,0.9970394899632555,0.8698480015498959,0.7440987644793639
0.005720062,0.0021936720464887215,0.14261227040487223,0.19369962599162058
0.015481443,0.01529259615524083,0.20300493636670194,0.46925719129548504
0.026136665,0.0050938163051308235,0.290108559908765,0.46985588226092473
0.020482589,0.0032591707607849325,0.16170155825482596,0.457051564927026
0.9966577,0.9969359288345544,0.8242945998119297,0.7833922473149204
0.00020015007,0.00014132965803496063,0.25477958515474186,0.4513847805782873
0.0013616262,0.00023332095280420985,0.20469609071000178,0.43398042347386634
6.0714365e-07,4.148507067167245e-05,0.018728730445722392,0.08053626239361994
0.9785397,0.9941797444930945,0.7597664753333191,0.6900630192172044
0.9911141,0.9989762192754489,0.8915519014787925,0.6609190485383817
0.0027063603,0.0017236207295680242,0.14828958293561897,0.4251045338580137
1.7374983e-06,6.700507680798404e-05,0.030935225527289795,0.07958326144162421
0.00025407644,0.00026742961252158246,0.03261288393098163,0.1973165994433382
7.132053e-05,6.822599627685083e-05,0.018369370016057963,0.04292310892418343
1.1906284e-05,8.852057195526917e-05,0.05693654085129754,0.31323684739159613
0.00031761324,0.0005123609960105798,0.07395048286255258,0.1900945174706764
0.9999788,0.9998284541954939,0.9600491680553128,0.8914596749604213
0.035120074,0.007358663339157719,0.411105627417792,0.6227657289052201
0.023453034,0.0035635499963424383,0.196200218350938,0.29711342287770565
0.3467808,0.03368440950942311,0.4400064982177366,0.5461511506906495
0.0050394884,0.0017400126094919337,0.09423342996376775,0.1777597034792821
8.3921265e-07,0.00017770182454598216,0.026574263865208017,0.12671855094675893
6.647964e-05,0.0002951275195495423,0.12196759986433987,0.3593222989818497
8.6196545e-05,0.0004115426005240502,0.1840666663502698,0.4738280079273494
0.9749478,0.9977889445815321,0.7839740766064787,0.732962754520472
7.036416e-05,8.574419501388712e-05,0.011932219007390492,0.0969943738812304
5.435036e-07,4.681454261470636e-05,0.020938322650187295,0.0879687560134734
0.0009113624,0.0006025812324746244,0.08620600105403983,0.19462509449935478
0.067619346,0.02320397024842477,0.2698694544567378,0.4942662630646394
0.02077983,0.004199806644043231,0.22008323358262025,0.5162756737162774
0.9999523,0.9998244759919118,0.9512362936362022,0.8558963095052415
0.9998667,0.9990299547082296,0.9430028245641846,0.8379032787326693
0.05531425,0.004075087295302879,0.18349247008707098,0.3185025098997502
0.00041356773,0.0003749078571150151,0.1000460593806194,0.28300492410263867
0.96078134,0.9907104412373711,0.6973000745674774,0.7655579327420099
0.9806652,0.9873696196588371,0.6705005869543673,0.61114254979315
3.7556852e-05,5.1791007846330654e-05,0.03919260367889308,0.11054507124931252
1.8685645e-05,0.00016888126490967255,0.05687559213266453,0.12081270488449088
2.498431e-06,6.592025714657475e-05,0.0377633320822385,0.2032617417704268
1.2055239e-05,0.00013498609761666882,0.05001647776404795,0.23197185643447732
0.06558048,0.0022775740372113487,0.06631137185547456,0.17416312710636067
0.0012323527,0.0003449171429898168,0.1385139322256572,0.34528546824360534
0.00082344265,0.0003296906985545052,0.09487506597229516,0.2560552070461032
6.74652e-05,0.00016233496449897188,0.03819576194442596,0.19627358536157824
0.0029954151,0.00043185807747586456,0.07295742480164485,0.333885713985244
0.9999008,0.999542394905025,0.9399990135340396,0.9228163786078436
0.074521944,0.0009247065735196292,0.1715309179559931,0.20719554543368132
6.072327e-06,5.8945420524220486e-05,0.034712181895845864,0.1576808240778471
0.00027630012,0.0005253560678323404,0.08616498637721545,0.37488402518891817
0.00029660907,0.00011762567269249916,0.059072643002990734,0.27441059852141
1.0182177e-05,5.1019067936024963e-05,0.025984405894791972,0.2180567132729028
1.8575134e-06,0.00017997098795496366,0.01682521890472798,0.11086905192878595
0.99237543,0.9906749417079751,0.7632806812713223,0.5975164321253413
4.662895e-06,4.708739360179732e-05,0.037003637214938816,0.14977459305676452
0.13914594,0.01557873380985047,0.4437255109986723,0.6166270085379678
0.02574832,0.0021070334611320695,0.11492284106113511,0.1486557427758264
1.1509966e-05,3.700156143002228e-05,0.016085169298542538,0.052715959228261465
1.6584513e-06,7.253328613171373e-05,0.05254858892297173,0.16424148295030125
0.00015625627,9.933665441804402e-05,0.04182661211916492,0.17569665403973556
0.09194306,0.025072725139226596,0.38113130584610644,0.5489540992188239
0.9927014,0.9964444898345245,0.7971102684824172,0.620199983326916
0.00019150288,0.00016814873707681887,0.044978032345490665,0.1960094128420356
2.8776785e-07,8.508999111120115e-05,0.03568090716584122,0.12345120175009791
0.9978886,0.999107168615349,0.9472210299590554,0.7304277798085833
0.20566823,0.004331757341763828,0.14223832916793777,0.19129468838139185
0.0735161,0.0005554829013788327,0.1499702382776691,0.2707155840003117
2.096356e-06,8.253359702719395e-05,0.00799256487433548,0.07442463685296156
0.003398766,0.0003848044362537776,0.16542947737682578,0.33961037106040437
0.99898463,0.9989747552073327,0.8710642662339868,0.8174298852534025
0.17466246,0.004624963162466835,0.23358735710693218,0.24992189421111127
7.583907e-05,6.673390519831996e-05,0.06271307210013101,0.22330974398957448
0.00013973904,9.524942191066046e-05,0.043748834245633,0.28859774197041016
0.9998883,0.9994819448271719,0.9492764775712978,0.8939449764669354
0.001363867,0.00023304007351285084,0.11333451756932894,0.15927135085481206
8.0372865e-06,7.060277399641386e-05,0.02796924369046091,0.1094775149177734
0.1266895,0.012660263644785792,0.30678512351040593,0.4201433624485965
0.0041767047,0.0004901476644924163,0.09905725279605296,0.18488104512389814
2.6599662e-06,4.4293314469969275e-05,0.0165349642692393,0.08603966354804633
2.7216169e-05,0.0003345799933155776,0.052981168689085936,0.13869557042435338
0.9807241,0.9940254155246616,0.8240955323638722,0.6330989525692408
0.9787497,0.9936273423277315,0.7523932853848394,0.7902723919522711
0.32099593,0.01326069667331835,0.2690622060902717,0.3043877751496439
3.7878206e-07,3.130652729184573e-05,0.035042165360651155,0.1095609111886482
0.9893085,0.9949897113042616,0.832010594365249,0.6859194191320621
0.14347547,0.01756984289793346,0.4588651138638155,0.5768644139011214
1.2389131e-07,1.8234333741914295e-05,0.008015690962674037,0.038200469020664145
0.9907607,0.996786436668812,0.8500162910026071,0.7095414754136848
3.1991753e-05,0.00017453382285776878,0.04386217119178655,0.1331343169561476
0.04482897,0.005531711404908355,0.37283071688488284,0.5939256487783826
1.595585e-06,3.405254209282608e-05,0.0025738576563515995,0.03393692481088196
0.0002515535,0.00023345042407299328,0.06192961874824845,0.2995863638828947
0.00015447337,0.00016494342273124212,0.021907714480446146,0.11764038913428018
0.0028036572,0.00011087057321208754,0.11971134216717685,0.14964063361060861
6.9550697e-07,0.00011112865665194465,0.0019018146455989115,0.05317101378706085
0.16765246,0.0016512218637640447,0.1948623358346928,0.24185664814654279
0.99420047,0.9982620746198645,0.8344514657328722,0.6779286558456703
0.044062715,0.0018139912370292858,0.1953807934302336,0.4428799812936446
0.00201847,0.00042333710178672263,0.10826407637715306,0.18626539587537916
0.9594112,0.9964298009980382,0.8126863917248578,0.6968845748696346
0.96171975,0.9939396931907213,0.8772902963419669,0.809912538949814
3.7703085e-06,5.574384986513591e-05,0.013553521798024866,0.11591985729147995
2.647053e-06,0.00016663941658630644,0.016251171912034824,0.12552534976130614
0.0007059772,0.0004286416760287643,0.07266229049331001,0.260599979443627
4.73483e-06,6.595092918707416e-05,0.02093779658870361,0.16712492010533606
0.9999107,0.9995563788127624,0.9397009935091012,0.8355832421546522
0.99221593,0.9802413324152244,0.6395267028537678,0.6230963723687611
0.0008159614,0.00023286458192678657,0.06782064349976626,0.17300096068678097
0.02016402,0.00477568870416473,0.37784527037330057,0.5221816304600551
0.0159021,0.009933284196191435,0.40809755098394684,0.30565132102833376
0.15354916,0.022541945417688895,0.687918493027622,0.6596386019050073
0.0006790409,0.0007627159664929248,0.1231394760376661,0.20872317694676845
2.4621897e-05,0.00032602464620125067,0.027346675287061858,0.13433240759203224
5.564854e-05,0.00011827979190737186,0.03373801003892054,0.10597945598732872
1.1607774e-05,6.0701891468995236e-05,0.0574020534766795,0.2933401539685108
9.375927e-08,3.859210609912124e-05,0.0014127188392312887,0.026403551074308817
0.00018704685,0.00018964843875684935,0.058673214170864324,0.1369445779373214
0.045053594,0.0014408333177759157,0.15577075016217734,0.23744665030088427
7.1443814e-05,0.0003121209004855836,0.08549838458625997,0.16419179629780978
0.37598994,0.03486730183983984,0.48882630275415034,0.6174032553069446
2.65971e-07,2.9138870441699602e-05,0.027903997424350548,0.06255233692368506
0.09896276,0.006141883855278201,0.12851659305832858,0.2641097592364899
0.9981511,0.998789964075092,0.8148762922763407,0.8230008717661517
0.033787932,0.00601839173640753,0.35800082393933985,0.42831916022575384
0.015417928,0.0018115655518725548,0.13118649791497794,0.2788470290803355
3.3208875e-05,9.3301520698911e-05,0.0765483623290273,0.15095103972230606
1.2653404e-05,8.210789763357835e-05,0.011108320708345104,0.11082849096186796
0.99996734,0.9995029851736075,0.9497456966381431,0.8597175394069988
0.0015440542,0.0006290237776978374,0.04043601201431178,0.1693748096456112
0.00020877259,8.452543162672946e-05,0.07427721999356894,0.32517083896279586
0.9312643,0.9823069557949756,0.6439263308964124,0.4731208799647459
2.5567036e-07,3.042036586029388e-05,0.029770938582457288,0.07804554871765312
2.8442932e-06,0.0001639661674549679,0.027230508258255962,0.050937254035776036
1.19333845e-05,0.00014835441077832863,0.02283685805739176,0.12239370690987172
0.9944616,0.988727250481389,0.7411517146481787,0.46420131211063503
0.0002890589,0.0001725373923264607,0.05509093606948736,0.19070853102183943
0.14048976,0.022704259979928917,0.38894280496826106,0.621242485852381
0.12773697,0.020921289552878825,0.6434120228475096,0.6192792250790277
0.9997476,0.9997168026187286,0.9461547706661589,0.7798488555850107
0.029529067,0.0011983824323538931,0.1659797764604782,0.3291877931854956
0.0008097891,0.000162243166702261,0.08285114733692213,0.21473990690341246
0.0013689981,0.004632703565666011,0.2826471199377899,0.47022120122166944
1.0825192e-06,4.526141080762683e-05,0.016004398479402757,0.06807149415858549
0.9998103,0.9992577387986428,0.9237419033710412,0.8147479822685461
2.7099393e-05,0.00022898889521738957,0.029068384133770706,0.10483238324224672
3.1043568e-05,6.875457842953323e-05,0.051995269709721244,0.27189920108230003
0.0052100867,0.0016765190285297177,0.2850930910750161,0.2824658196409758
0.98802596,0.9960125478772665,0.7904366590964464,0.6013559885475603
0.9997341,0.9996671661782838,0.9430440739656218,0.9140116778498104
0.9987256,0.9994604262616834,0.9204232614959704,0.8023438539554926
0.9957411,0.9972972581484434,0.7951362157512287,0.6385382827884226
0.9933195,0.9972324966825463,0.8890506254303422,0.7607142787914803
0.99183214,0.9994457689935838,0.9029801831243838,0.5587271720998089
0.9994035,0.998653109831513,0.8617809590527615,0.6298635052771628
0.99538296,0.9896459726392509,0.8955786820179626,0.7284913379716795
0.9915803,0.9975136953665016,0.8395891368780457,0.6842990419626852
0.9998492,0.9996907444917579,0.9404320180585883,0.8160417320595181
0.9999802,0.9997977011634445,0.9322668312987976,0.8451792104710445
0.99996674,0.9998741371932715,0.9596575490252556,0.8904692790300835
0.99991286,0.9996057045240415,0.95660674573156,0.7773877341205983
0.99998677,0.9999359917366235,0.935236542292104,0.8514287097016201
0.98511547,0.9980538435027853,0.8239662688253151,0.7372919939083046
0.99985313,0.999714355786856,0.9456215287846235,0.8045280689890764
0.9812071,0.994860462438946,0.8660037289088699,0.6829947097162656
0.9999932,0.9998942750912565,0.9434963737694305,0.865684700211884
0.9970497,0.9979078703095403,0.9146744549490881,0.7739410323350547
0.9999461,0.9998901782595725,0.9550454184770859,0.8599730109371352
0.9997992,0.9996459917525463,0.9256649352435331,0.7901672197929139
0.99923456,0.9988061104160321,0.9286727262050715,0.7484767433795583
0.9999753,0.9999177306103034,0.9556523206509767,0.8607718057654798
0.9803741,0.997922773855736,0.8383749208097097,0.6838835672089193
0.9999944,0.999926918942008,0.9602653231889323,0.9148401742241454
0.99989426,0.9997101383779458,0.9516316276114254,0.9018974979923162
0.9973122,0.9974267174385419,0.8498588591862338,0.5193258959669237
0.99987006,0.9996892741509646,0.9459705921929621,0.8101781003410576
0.99366707,0.9977039929745298,0.8716122339428101,0.7661535329191992
0.98990446,0.9985687629770905,0.8790870614522939,0.8740266603459106
0.99837625,0.9980616221101892,0.9277754801353586,0.7463091605240723
0.99584097,0.9974286624763307,0.9255259155640735,0.7636233181953834
0.98078156,0.9910862597687692,0.7883928076990274,0.6525977670578381
0.99940515,0.9995527565748112,0.9486849012424245,0.7894951536078021
0.9996594,0.9992624949656052,0.9442629280928274,0.8467215127145346
0.9999155,0.9998555517055909,0.945187356593337,0.859880851270403
0.99739647,0.9986053690239952,0.9242906094209228,0.7603990243706081
0.99537957,0.9975369713754634,0.8741151003620162,0.537994667012008
0.9730251,0.9932538935435822,0.719718455941984,0.6717575862062588
0.9999567,0.9997885781723476,0.9292609580407567,0.7143874765292679
0.99998534,0.9996748520961795,0.9592472552287978,0.8254205540849864
0.99658906,0.9965339011920539,0.9162534569755938,0.751063116613209
0.99823195,0.9989523874481363,0.8490404360167993,0.5634969068009934
0.99972624,0.9991757349894598,0.9143566130446458,0.6166769392591628
0.98768693,0.995804877707872,0.8117190210647116,0.6384838387069492
0.999564,0.9998111343894439,0.8183341376205633,0.6313877286431294
0.9988708,0.9989562270372441,0.9435079063298136,0.7809007342776099
0.9999769,0.9998152837880359,0.9659364529973099,0.9299248170755124
0.98454213,0.9957962668510627,0.7585249486991726,0.7254731121619901
0.99997604,0.9997854440992473,0.9475803401743286,0.8730667981736049
0.996452,0.9965166032425771,0.8932159356406986,0.8011497657666883
0.9965133,0.9982012694015991,0.9074447212479835,0.7706701293913611
0.9998068,0.9998159666311407,0.9539758622056403,0.8123217553096553
0.9971892,0.9922784704019043,0.8861146682468833,0.7637983309759335
0.999616,0.998374173632882,0.916823894945792,0.7272242555538052
0.9994229,0.9996284691238575,0.9238307306059503,0.6970454817402778
0.9945226,0.9932194044845575,0.891692508398259,0.7289417364991121
0.99612385,0.9931813860107245,0.8041655381595512,0.6076980702610659
0.99486154,0.9981628106532874,0.8358512515275954,0.6105418976286253
0.9999604,0.9999007633639574,0.9460168408036788,0.8662557352364497
0.9997278,0.9997429703490881,0.9104783819211062,0.7805481566845915
0.99878067,0.9988007847645188,0.8210171292795445,0.7671452277966189
0.9999938,0.999874772820276,0.9551050869113523,0.9277923885490448
0.9906549,0.9971656755123505,0.9178234707074059,0.8291507907658628
0.9991165,0.9994172109056875,0.9185375291964303,0.8115844220634552
0.99833626,0.999320046163325,0.9207993989414313,0.8023107604303127
0.98781013,0.9975551954491307,0.8738365655640208,0.8724700040073731
0.999548,0.9996767570188818,0.915102682362296,0.8818445770642674
0.99901366,0.9977014980897023,0.8751321286561289,0.7003572855693815
0.9955552,0.9941386126662443,0.8286465284207516,0.5504354136540988
0.9999479,0.9993564234107318,0.9501998393054005,0.8577055217617467
0.99999714,0.9999445325871714,0.894945394643597,0.7301460049504302
0.9908406,0.996988860617021,0.8695338332941149,0.7246545931691503
0.9999925,0.9999231737214216,0.9588750516957198,0.9183166032054373
0.99799,0.9968347819324753,0.9005534362977865,0.7264656138595201
0.9999852,0.9999260242103144,0.9581654631205818,0.8679609721077859
0.9999982,0.9999273206275162,0.9651839185064793,0.8936355964342472
0.99471587,0.9986026471448002,0.8511602062850742,0.6071983434570748
0.9999267,0.9997823473255452,0.9572984797250729,0.9168984037169551
0.9999473,0.9998393482015914,0.9429730548952285,0.8278745270373139
0.9820986,0.995145329669859,0.8790361709406025,0.6665776793413003
0.999866,0.9996767612056384,0.8594980606435265,0.6797998480941816
0.9696074,0.9929653798806213,0.7758860963418164,0.7327561178807822
0.99281,0.9921048887130223,0.7567254763066678,0.5358881029255981
0.9997539,0.9997153770220314,0.944512646381864,0.8347762791686162
0.9983546,0.994639081067942,0.8724181979906551,0.7480983658653285
0.9998659,0.9988053625012191,0.9359881857470637,0.7733802602227065
0.98599094,0.9969802728873935,0.8478647904069448,0.5113487032076371
0.9992519,0.9992799660206454,0.9298654026840429,0.7914435037699943
0.9875359,0.992585913565067,0.7922719936286863,0.6429308732753531
0.9995727,0.999271071704181,0.9406168220153708,0.7909172825206043
0.99980015,0.9997685692761552,0.9384276744378945,0.8277112335416946
0.99044526,0.99238014832222,0.7746256274191535,0.5300357209787666
0.95021087,0.9749407131142558,0.7318038916904979,0.7645029876577674
0.99988294,0.9992854556752214,0.8710982110319604,0.6371012929609947
0.99982685,0.9997120442869772,0.9485323787881803,0.8102800360002251
0.9734707,0.992244008734678,0.8458723177149039,0.8103949145961811
0.99998057,0.999892441023014,0.9377799938849967,0.8718354857019155
0.9965455,0.9965339011920539,0.9176965382911333,0.7491715502706665
0.9999037,0.9996576955033154,0.9582944791345807,0.8374892960264094
0.9992532,0.9994019221827987,0.9097535052308652,0.7612988727786936
0.9999927,0.9999243150127701,0.9479005564252405,0.8554445915215949
0.9870019,0.9974716379566261,0.8932861712560312,0.7193992774381083
0.9981719,0.9996742146193416,0.8960997776132846,0.5880114834075499
0.99897575,0.9963875427030741,0.8140552805354931,0.8609188398287188
0.9925201,0.9976085887749605,0.900071016333095,0.7857624030430972
0.9822801,0.9940254155246616,0.8402115904472296,0.6370410928650851
0.9999931,0.9998880862197178,0.9599263269242205,0.9318663145228769
0.9999943,0.9998652025846495,0.9589390473490035,0.9282684110374378
0.9994655,0.9989599380663066,0.9035628236946394,0.6079755865105455
0.99859077,0.9996886901468224,0.928019751609853,0.8165546805121872
0.9997776,0.9995827950275845,0.9594229834744717,0.7586094332102349
0.97599524,0.9959021935610713,0.8988940305853075,0.7540617801356514
0.9997863,0.9993565521481436,0.9397321748923422,0.8123738220871694
0.9858315,0.9901527712513006,0.9052458402165068,0.6981292520356598
0.9999505,0.9997885781723476,0.9292609580407567,0.7133385254803168
0.9915103,0.9954598647281585,0.8982336847380797,0.7238385272937506
0.9999958,0.9999464273175012,0.9396665203973401,0.8639231544532516
0.9992907,0.9958358449869541,0.8724585078389252,0.7204401135251718
0.9997844,0.9998177434755796,0.8642058596711867,0.7903169166134089
0.9207774,0.9906150873568282,0.7932610857622728,0.7180913617816871
0.9996568,0.9995961907827742,0.9330907992545017,0.8179367125155969
0.99798775,0.9993807479258129,0.8864384313325786,0.8231496202402636
0.9890372,0.9989963560436539,0.9131719962623098,0.6767268917864976
0.98387814,0.996357630967031,0.7652381480176348,0.6581799588725633
0.99678695,0.9979453912788577,0.8888338550247559,0.7693862838704756
0.9945996,0.9940403934303006,0.85577517238728,0.7107428705608116
0.9931645,0.9976474157380947,0.8534372429153697,0.6355878386216106
0.906604,0.983328694727088,0.8031038824904221,0.7187971147622528
0.9768034,0.9927517434845949,0.7464284090032227,0.5440477974651788
0.9995308,0.9995271718354585,0.8765274548275118,0.6176103683501776
0.99303126,0.9981182770905302,0.8737141377109378,0.5764809806836877
0.98516107,0.9969762836460838,0.9061171041663114,0.8246045173982324
0.98004615,0.9916432305376259,0.8925701517691965,0.7416314175335258
0.99494714,0.9986761449408866,0.8904984063239018,0.7556993949357271
0.99873096,0.9988611850081162,0.9293233806007524,0.7742585402209721
0.99984646,0.9994560552467138,0.9536909781400841,0.9169129652078343
0.9970311,0.9974171850455057,0.9271093324957692,0.7468774000117813
0.99992883,0.9997022044595081,0.9362702541280165,0.7693400035881317
0.9991048,0.9996115850938776,0.9311241859810755,0.8154650560954058
0.9992169,0.9979542625200007,0.8999583166961554,0.7664450104555632
0.9985839,0.9992746842786887,0.9238334505765272,0.8256002244512685
0.99335116,0.9988909837497842,0.8864914962459336,0.6592886803618668
0.998142,0.9988077068413922,0.9008193395517553,0.7179990059032884
0.9999938,0.999863084670267,0.9589753528586656,0.9089414003715229
0.99987066,0.999488903144682,0.9480101159415288,0.7781703356093245
0.9997503,0.9995559119173744,0.9482908557050526,0.8223814972088925
0.9784815,0.9925304995916128,0.7619717047147977,0.7169260594935994
0.99641585,0.9979313934743064,0.9351868463855866,0.7715662215700112
0.9999571,0.9998836511094213,0.9541892848696166,0.8313926905366006
0.9997094,0.9995044924678705,0.9372954439727975,0.8939275724442208
0.99742055,0.9991167355383391,0.9077444542704094,0.5833120896610625
0.9905662,0.9975300428523379,0.7851217240063293,0.6722670607441716
0.9947896,0.9983410677350714,0.909529012112149,0.6989092961222544
0.99998677,0.9998408343041219,0.9354217300053916,0.8615637824183077
0.9999776,0.9998991322593225,0.9578128744114015,0.8484301663912259
0.994231,0.9989174499373655,0.8126585728770492,0.5548044094030001
0.99997294,0.9998971266177793,0.9592150514290141,0.868512653308984
0.95776844,0.9964349293157301,0.7018285488015308,0.6177717144873275
0.9976808,0.9995169172363998,0.8615918385236202,0.7643310689868941
0.99865556,0.9977956577265018,0.9038297838496736,0.7368636407150788
0.996929,0.9982912733884555,0.9168191839098546,0.7776833424327911
0.99980694,0.9982208907154088,0.8938505569647606,0.5527581414611796
0.97812986,0.9950326891898691,0.7928073815981612,0.73291177889642
0.9995727,0.999271071704181,0.9416408951978456,0.7938611882826145
0.9870019,0.9974716379566261,0.9028615215113207,0.7291261170738895
0.9996804,0.9991494262969572,0.896970172417118,0.8511947040944068
0.99024373,0.9974385989995512,0.8066169066166765,0.6385733476867831
0.9997316,0.9997862094604343,0.9488378393588819,0.8307445513392814
0.998855,0.9989972486038442,0.8866862304211347,0.7151037005967971
0.9999982,0.9999482850032415,0.8953300100282123,0.723419106219276
0.999108,0.9982614887156627,0.8408661209167674,0.7551951184380846
0.9726777,0.9929653798806213,0.7651810173832162,0.7374463955198515
0.99999166,0.9999226209078305,0.9505075633105569,0.8532565968994943
0.99447024,0.998091480067723,0.9331789625849524,0.7291918075552765
0.9997601,0.9991824652868782,0.949475462700021,0.8043020660013386
0.9994985,0.9981039625934508,0.9466767209917483,0.7718316052442608
0.9876808,0.9933612403998026,0.8484638413793145,0.6789635703608975
0.9999751,0.9998158320377992,0.9601326775999438,0.8795879012128909
0.99998736,0.9999227447731791,0.9613771087703527,0.8472942168126392
0.99859196,0.9992134196826294,0.9360277132807912,0.8666754848572942
0.9825585,0.9929653798806213,0.7609243783884628,0.7326391999045698
0.9988475,0.9994184095303267,0.9432556462175953,0.7639809979824389
0.99935013,0.9989473487647762,0.8952822487965834,0.63794091598186
0.99235266,0.9972324966825463,0.8902183034323622,0.7671048779384648
0.95583177,0.9929653798806213,0.7518857675554735,0.7013843358913951
0.99947923,0.9991818888750371,0.9525898955743907,0.790557958552843
0.99999464,0.9999444629951568,0.9605159495657299,0.9342560322822955
0.9961576,0.9986045895779063,0.889549898978009,0.7215777753625764
0.9973935,0.9969314691963198,0.8257173186561402,0.6604078091212662
0.9935654,0.9962805953390412,0.8860903843521182,0.8044513844303345
0.98511547,0.9980538435027853,0.875270127918967,0.8702828530168106
0.999108,0.9982614887156627,0.8404408302217135,0.7518847848402472
0.99017453,0.9981999991468601,0.8337375171156942,0.6866353514864949
0.9889072,0.9983555459946997,0.8376694249138203,0.6041542680193406
0.99997437,0.999872252726418,0.921561894307077,0.7118275131740062
0.99987376,0.9997089925900676,0.9485731762019811,0.883894018814427
0.9999758,0.9998869119813173,0.9417919106384686,0.8639582197440356
0.9999701,0.999905136076651,0.9581035912247887,0.8525487784342732
0.99807066,0.9994450821305935,0.9525898640536162,0.8004094668698215
0.9716744,0.9907555670024497,0.6066028716323432,0.5299326949669041
0.99851745,0.9994187715704463,0.9152522392486069,0.8143936361537696
0.9998068,0.9994738453386501,0.9330804782502439,0.8011619475705387
0.99995124,0.9994016584339384,0.9513763098936358,0.8477622650206637
0.99240875,0.9965596767234994,0.8765241390518027,0.5318079733946717
0.99932647,0.9996307780585513,0.9499542214838425,0.8213542117615411
0.9999683,0.9998289449809625,0.9523230595611549,0.8460616245137271
0.9999461,0.9998022485244984,0.9400447109336016,0.8484509345486461
0.9999683,0.9998289449809625,0.9523230595611549,0.8495448821431999
0.9967986,0.999707128934932,0.9002180206973546,0.8017298752511489
0.99741447,0.9960735680753283,0.8323115204428562,0.7994418938741431
0.9998684,0.9990542107139931,0.8796207433375406,0.6424734046298977
0.9999778,0.9998503487926218,0.9600491680553128,0.8911442649908287
0.9988218,0.9986427654213087,0.8257808405286927,0.723416238972219
