Machine_Age,Total_Run_Hours,Avg_Load_Percentage,Daily_Operating_Hours,Capacity_Per_Hour,Avg_Temperature,Avg_Vibration,Energy_Consumption_Rate,Last_Maintenance_Days,Failure_History_Count,Downtime_Hours_Last_Year,Maintenance_Cost_Last_Year,Risk_Score,Thermal_Stress,Maintenance_Overdue,Wear_Index,Failure_Density
4,907.4,82.64,15.8,75.8,70.8,4.2,21.16,356,0,7.2,1598.22,2.006188557614827,58.50912,1,181.48,0.0
15,2048.6,41.37,11.5,72.8,63.43,2.44,16.34,108,3,31.8,47604.71,1.3587961321514908,26.240991,0,128.0375,0.1875
16,2838.5,70.53,14.3,22.3,77.2,2.52,25.55,212,0,6.9,3077.12,1.482617244157937,54.44916,1,166.97058823529412,0.0
16,3040.6,52.13,13.9,25.7,70.77,4.79,5.82,152,1,26.9,22102.66,2.349521353746978,36.892401,0,178.85882352941175,0.0588235294117647
4,430.6,63.74,10.0,53.8,66.72,4.72,19.75,200,1,19.9,18439.86,2.1073392425463333,42.527328,1,86.12,0.2
14,2558.1,74.88,16.0,44.2,65.07,3.36,11.6,31,0,8.3,2490.56,1.653468170829976,48.72441599999999,0,170.54,0.0
10,1075.3,41.82,8.5,77.7,61.97,5.77,29.6,309,1,29.8,18514.99,2.7255261885576147,25.915854,1,97.75454545454544,0.0909090909090909
17,4031.0,71.1,16.8,20.5,68.27,3.84,21.49,79,1,21.6,17132.07,1.940109589041096,48.53997,0,223.94444444444449,0.0555555555555555
12,2418.5,73.3,15.1,72.1,67.37,2.61,14.89,190,4,71.9,59498.07,1.4211958098307818,49.38221000000001,1,186.03846153846155,0.3076923076923077
8,1443.7,83.06,12.6,50.4,78.65,5.72,24.4,31,2,37.6,40681.21,2.4739387590652697,65.32669000000001,0,160.41111111111113,0.2222222222222222
16,1944.4,87.33,9.2,11.5,80.15,3.12,19.68,349,2,43.2,28869.59,1.8164528605962933,69.994995,1,114.37647058823528,0.1176470588235294
12,1591.3,40.58,11.8,63.1,59.3,4.71,18.08,74,2,31.1,34565.12,2.181743755036261,24.06394,0,122.4076923076923,0.1538461538461538
10,1164.1,78.88,10.1,41.8,72.7,5.06,22.57,356,1,31.6,23838.6,2.473717969379533,57.34576,1,105.82727272727271,0.0909090909090909
15,1179.7,56.26,7.0,35.7,71.05,5.39,11.58,5,5,90.3,103995.23,2.468248186946011,39.97273,0,73.73125,0.3125
11,1180.9,75.78,8.5,74.4,70.77,2.5,20.4,252,3,53.5,47421.86,1.3990733279613217,53.629506,1,98.40833333333336,0.25
3,507.9,63.16,12.6,65.9,72.19,6.65,29.01,153,0,9.2,3846.44,2.826559226430298,45.595204,0,126.975,0.0
7,831.1,69.82,10.9,69.6,70.3,3.72,27.28,363,2,25.5,27121.1,1.880747784045125,49.08346,1,103.8875,0.25
10,2057.1,41.05,14.6,20.5,52.19,4.83,10.39,316,3,32.6,31021.53,2.35432070910556,21.423994999999994,1,187.0090909090909,0.2727272727272727
17,1891.5,69.7,10.3,45.2,76.07,2.47,8.74,118,1,16.2,14334.52,1.418821917808219,53.02079,0,105.08333333333331,0.0555555555555555
15,1845.7,48.67,11.2,53.3,58.0,4.09,7.29,325,0,6.4,2799.62,2.1674262691377923,28.2286,1,115.35625,0.0
15,2316.4,43.0,11.9,20.0,60.14,5.77,17.92,335,3,33.6,33014.45,2.846275584206285,25.8602,1,144.775,0.1875
14,3385.2,65.02,19.4,36.2,69.44,3.13,29.72,364,4,101.6,97564.19,1.7895503626107978,45.14988799999999,1,225.68,0.2666666666666666
10,1775.1,77.0,13.9,11.5,68.97,3.94,12.7,135,0,5.8,1759.48,1.874348106365834,53.1069,0,161.37272727272727,0.0
13,2714.5,79.8,16.7,42.3,77.39,3.82,23.49,185,1,15.8,14216.07,1.9223593875906528,61.75722,1,193.89285714285717,0.0714285714285714
5,872.1,43.48,14.7,67.3,62.69,2.31,29.18,102,1,22.6,15129.77,1.0968041901692185,27.257612,0,145.35,0.1666666666666666
16,2264.5,42.25,11.4,55.4,66.17,5.25,14.16,365,0,7.7,2313.69,2.6794117647058826,27.956825,1,133.2058823529412,0.0
4,645.0,43.99,13.4,56.3,59.05,3.6,22.61,305,0,3.2,1343.06,1.7312570507655118,25.976095,1,129.0,0.0
11,2422.9,53.07,18.5,74.5,62.3,11.86,23.64,195,0,7.9,3577.55,5.10403223207091,33.06261,1,201.90833333333333,0.0
16,2379.3,62.14,12.6,47.8,72.48,2.83,11.81,229,0,8.9,3391.92,1.6182610797743755,45.039072,1,139.95882352941177,0.0
9,1834.4,53.61,19.0,33.3,61.06,3.3,18.24,206,1,15.2,12972.39,1.6463900080580178,32.734266000000005,1,183.44,0.1
5,698.0,72.89,11.3,47.4,59.61,3.13,19.56,359,1,25.1,20358.42,1.6008315874294925,43.449729,1,116.33333333333331,0.1666666666666666
15,3262.3,48.55,16.9,42.6,61.33,2.91,9.11,213,0,9.6,2807.93,1.618713940370669,29.775714999999995,1,203.89375,0.0
9,1245.8,70.28,11.6,59.5,63.3,5.71,22.43,87,3,73.2,35564.07,2.528883158742949,44.48724,0,124.58,0.3
14,3392.0,58.21,18.4,76.5,67.43,2.64,12.34,321,4,69.9,77681.17,1.5640983078162771,39.251003,1,226.13333333333333,0.2666666666666666
14,3929.2,88.52,19.9,71.2,66.22,4.32,12.55,145,0,2.5,1177.85,2.1155503626107977,58.617944,0,261.94666666666666,0.0
4,293.0,42.78,6.8,23.9,65.27,8.43,14.01,193,1,22.9,11028.7,3.5865447219983886,27.922506,1,58.6,0.2
14,2795.4,52.89,16.4,70.5,58.63,2.55,10.43,33,1,19.5,21337.24,1.3308380338436745,31.009407,0,186.36,0.0666666666666666
12,2564.4,86.59,15.1,60.7,75.88,3.0,7.31,102,0,6.7,3095.98,1.5169218372280422,65.704492,0,197.2615384615385,0.0
9,1002.5,77.91,9.2,18.5,79.62,5.46,24.5,279,2,30.4,26276.68,2.5603900080580178,62.031942,1,100.25,0.2
5,960.2,91.7,15.2,47.6,73.81,4.46,26.76,301,0,0.4,158.46,2.093105560032232,67.68377000000001,1,160.03333333333333,0.0
15,2995.9,78.03,15.4,65.1,77.83,3.06,19.87,95,3,65.8,44405.63,1.5978920225624498,60.730749,0,187.24375,0.1875
13,2002.3,65.63,11.0,60.6,72.29,8.27,25.07,168,1,18.4,15526.68,3.6907155519742143,47.443927,0,143.02142857142857,0.0714285714285714
11,922.4,60.4,7.2,60.7,61.72,9.04,20.23,210,2,46.2,49522.69,3.98630620467365,37.27888,1,76.86666666666666,0.1666666666666666
9,2219.4,59.38,20.0,79.4,68.29,3.73,12.88,171,2,36.4,37335.18,1.7944174053182915,40.550602000000005,0,221.94,0.2
9,997.6,40.36,7.9,25.0,63.22,3.7,29.61,166,0,9.4,4471.9,1.7789927477840453,25.515592,0,99.76,0.0
13,1702.7,79.99,9.8,20.5,70.86,9.25,10.82,257,1,16.9,21434.3,4.143674456083804,56.680914,1,121.62142857142858,0.0714285714285714
4,564.1,72.0,13.1,51.3,70.85,5.54,15.13,23,1,27.2,21486.65,2.314106365834005,51.012,0,112.82,0.2
10,1890.7,83.85,15.7,15.8,71.5,2.69,11.67,222,0,10.0,2881.3,1.4339371474617244,59.95275,1,171.88181818181818,0.0
3,524.3,80.01,12.6,46.3,80.39,3.54,22.64,292,1,29.8,23281.02,1.677764705882353,64.32003900000001,1,131.075,0.25
11,2446.1,71.71,16.4,59.2,69.19,6.39,21.86,223,0,1.8,542.26,2.9352103142626915,49.61614899999999,1,203.84166666666667,0.0
4,346.3,77.73,7.7,58.8,81.75,6.38,25.66,25,0,3.3,905.74,2.651476228847704,63.544275000000006,0,69.26,0.0
10,2030.6,69.85,15.9,49.7,75.04,5.74,17.25,283,2,31.7,39386.68,2.695717969379533,52.41544,1,184.6,0.1818181818181818
15,2444.0,75.73,13.4,17.9,62.74,2.66,11.24,100,3,59.5,44265.95,1.4413166800966963,47.51300200000001,0,152.75,0.1875
12,2153.2,66.02,13.8,60.1,82.03,4.72,21.43,63,0,2.2,987.72,2.1782095084609185,54.156206000000005,0,165.6307692307692,0.0
16,4355.3,59.42,20.0,51.0,68.88,4.31,14.88,270,0,0.7,199.74,2.2383432715551974,40.928496,1,256.1941176470588,0.0
3,515.3,77.17,13.5,57.7,75.89,4.13,26.69,359,1,20.3,14923.94,1.9596551168412573,58.564313,1,128.825,0.25
16,1156.6,56.05,6.4,69.1,68.21,1.5,7.05,162,3,57.0,45326.05,1.0403706688154717,38.23170499999999,0,68.03529411764706,0.1764705882352941
13,3166.9,55.19,18.3,76.4,66.58,4.08,5.25,48,1,25.1,22801.93,1.932523771152297,36.745502,0,226.20714285714288,0.0714285714285714
4,544.5,57.2,10.6,44.9,64.73,4.87,24.08,268,1,19.6,14709.73,2.213914585012087,37.025560000000006,1,108.9,0.2
4,601.4,44.35,11.0,42.1,70.56,6.58,28.98,129,0,8.3,4129.27,2.8027091055600324,31.293360000000003,0,120.28,0.0
7,675.0,42.17,7.4,12.3,59.25,4.92,24.72,191,2,29.6,26144.05,2.2429395648670427,24.985725,1,84.375,0.25
17,2308.3,78.47,11.5,55.9,67.02,5.86,10.85,365,0,4.8,1285.71,2.9440000000000004,52.59059399999999,1,128.2388888888889,0.0
5,1259.5,82.18,19.9,78.2,74.79,4.72,29.99,56,0,2.7,1282.98,2.02929734085415,61.462422,0,209.91666666666663,0.0
17,2425.7,90.48,13.4,19.1,75.23,3.8,10.04,95,2,19.5,28822.59,1.935068493150685,68.068104,0,134.7611111111111,0.1111111111111111
10,1631.9,51.97,15.0,50.7,63.36,4.84,8.47,330,0,6.6,1897.18,2.3679097502014503,32.928192,1,148.35454545454547,0.0
7,828.0,94.14,10.3,24.3,79.4,3.24,6.37,113,0,2.9,1012.73,1.5175149073327965,74.74716000000001,0,103.5,0.0
9,1647.6,54.43,16.7,55.8,61.58,12.84,8.88,204,2,31.2,26286.42,5.461020145044319,33.517994,1,164.76,0.2
17,1599.8,66.06,7.9,52.4,73.88,5.77,16.42,268,1,19.7,16419.56,2.8415616438356164,48.805128,1,88.87777777777778,0.0555555555555555
10,980.6,69.21,7.9,32.2,70.58,8.38,18.97,231,3,71.8,72294.58,3.716101531023369,48.848418,1,89.14545454545454,0.2727272727272727
5,909.7,41.67,14.0,48.2,59.43,10.43,27.22,333,1,24.3,18878.2,4.50302336825141,24.764481,1,151.61666666666667,0.1666666666666666
9,1593.8,42.52,13.3,19.8,63.3,5.99,9.1,214,0,2.0,911.32,2.7278694601128124,26.91516,1,159.38,0.0
12,1841.1,83.48,11.4,15.5,70.85,3.53,22.23,182,0,2.3,877.57,1.7837163577759871,59.14558,1,141.62307692307692,0.0
7,1482.3,46.1,17.1,51.8,61.61,2.3,27.63,13,2,35.9,24674.44,1.0730217566478646,28.40221,0,185.2875,0.25
14,3583.8,46.21,19.1,39.3,61.51,4.92,25.24,13,1,12.5,10077.46,2.265139403706688,28.423771,0,238.92,0.0666666666666666
16,1941.5,64.16,8.5,58.2,72.02,3.49,20.43,239,1,23.0,21367.17,1.8891103948428687,46.208032,1,114.20588235294116,0.0588235294117647
16,3380.3,62.77,15.4,25.9,61.21,6.17,23.91,36,3,69.9,63224.2,2.822069298952458,38.421517,0,198.84117647058824,0.1764705882352941
8,678.3,86.12,6.4,19.1,80.66,6.62,29.34,254,0,4.4,1744.57,2.9866784850926678,69.464392,1,75.36666666666666,0.0
4,918.5,72.69,17.5,52.2,77.7,3.71,12.51,360,0,1.8,532.33,1.812928283642224,56.48013,1,183.7,0.0
5,543.7,47.74,7.6,70.2,73.65,5.42,29.16,350,1,32.5,22866.9,2.5106672038678486,35.16051,1,90.61666666666667,0.1666666666666666
5,1142.3,86.56,19.9,34.8,74.16,4.07,24.93,93,0,3.2,984.43,1.7946398066075748,64.192896,0,190.38333333333333,0.0
13,2753.2,65.56,18.3,36.5,71.15,4.97,20.26,19,3,69.2,51766.6,2.268660757453666,46.64594000000001,0,196.65714285714284,0.2142857142857142
5,766.7,82.21,12.0,57.2,79.89,3.91,20.54,290,0,6.6,1377.33,1.8655713134568896,65.67756899999999,1,127.78333333333336,0.0
15,1922.3,54.68,11.2,55.4,64.06,5.57,28.42,316,5,61.8,52565.23,2.753261885576148,35.028008,1,120.14375,0.3125
10,2142.7,49.23,15.8,62.4,62.12,5.5,20.18,63,1,25.5,12743.26,2.449033037872684,30.581676,0,194.79090909090908,0.0909090909090909
5,1109.4,72.21,18.4,18.2,76.92,3.2,16.59,32,0,1.9,768.0,1.4048589846897666,55.543932,0,184.9,0.0
12,2213.7,53.83,15.8,23.5,64.44,3.25,8.02,66,4,103.6,71337.47,1.5922643029814667,34.688052,0,170.28461538461536,0.3076923076923077
4,349.9,51.98,6.9,24.8,57.08,4.38,15.74,142,1,25.5,20210.32,1.9316132151490728,29.670184,0,69.97999999999999,0.2
4,771.5,93.91,15.7,34.0,79.42,8.42,19.18,360,0,6.7,2770.94,3.6969282836422246,74.583322,1,154.3,0.0
4,699.6,62.04,12.7,54.1,69.9,4.35,6.85,32,0,5.6,2789.78,1.8442707493956485,43.36596,0,139.92000000000002,0.0
7,573.7,52.44,6.1,31.8,61.31,5.03,26.92,57,1,19.6,9841.69,2.1951587429492343,32.150964,0,71.7125,0.125
10,1344.8,64.37,9.5,48.5,64.2,4.2,26.53,30,0,9.3,2324.01,1.906430298146656,41.32554,0,122.25454545454544,0.0
13,2910.4,77.96,16.8,43.6,72.3,6.96,17.23,291,2,31.5,35628.75,3.25096212731668,56.36507999999999,1,207.8857142857143,0.1428571428571428
17,2404.6,61.26,10.1,45.6,61.66,3.1,29.49,55,2,38.4,21731.46,1.627671232876713,37.772916,0,133.58888888888887,0.1111111111111111
12,2776.7,84.7,19.9,14.9,78.95,5.98,9.45,107,4,65.2,47951.98,2.712346494762289,66.87065000000001,0,213.59230769230768,0.3076923076923077
15,1358.2,78.61,8.5,69.6,75.53,4.33,19.32,295,0,3.2,1226.93,2.2428783239323127,59.374133,1,84.8875,0.0
13,2503.9,93.13,15.4,37.2,73.8,3.97,12.84,205,4,43.3,49215.56,1.996058017727639,68.72994,1,178.85,0.2857142857142857
13,1714.6,93.04,9.5,20.5,75.49,4.63,20.07,46,4,86.3,66654.53,2.151153908138598,70.235896,0,122.47142857142856,0.2857142857142857
12,2316.5,44.43,13.5,63.7,58.18,4.39,16.49,336,1,11.4,11774.87,2.233195809830782,25.849374,1,178.19230769230768,0.0769230769230769
10,1455.4,76.67,11.2,43.8,73.49,3.29,20.41,254,0,5.5,1973.54,1.6958549556809026,56.344783,1,132.3090909090909,0.0
7,1356.0,41.0,15.4,76.6,65.73,2.35,12.72,179,1,21.3,12699.56,1.206720386784851,26.949300000000004,0,169.5,0.125
9,1537.5,57.04,14.6,24.2,66.6,4.56,17.78,84,2,35.6,41084.2,2.066828364222401,37.98864,0,153.75,0.2
8,1307.5,82.29,14.9,34.9,74.14,4.38,21.44,336,2,27.3,32282.31,2.146842868654311,61.009806000000005,1,145.27777777777777,0.2222222222222222
14,2585.5,90.3,15.2,28.5,78.3,2.08,16.47,131,4,76.1,65679.41,1.2099613215149074,70.7049,0,172.36666666666667,0.2666666666666666
8,1521.0,57.64,14.4,20.0,63.7,4.11,12.54,343,2,26.5,24059.89,2.043637389202257,36.71668,1,169.0,0.2222222222222222
9,864.4,72.01,8.3,65.4,70.74,3.4,8.33,328,3,63.8,42490.56,1.7699516518936342,50.939874,1,86.44,0.3
15,1486.4,74.08,7.1,73.9,73.52,6.13,11.02,78,1,18.4,11285.14,2.814248186946011,54.463616,0,92.9,0.0625
9,1650.3,86.81,12.9,23.5,71.95,10.35,16.7,62,2,26.1,21823.24,4.3677598710717165,62.45979500000001,0,165.03,0.2
8,1124.5,88.26,12.3,65.6,74.66,4.81,12.49,352,1,33.0,27837.58,2.3298017727639,65.89491600000001,1,124.94444444444444,0.1111111111111111
15,3048.5,57.03,14.3,65.4,78.68,2.12,14.42,70,5,109.2,126590.0,1.2047687348912168,44.871204000000006,0,190.53125,0.3125
4,678.5,79.99,14.3,16.1,73.25,3.81,25.18,289,1,26.0,22550.74,1.8042981466559227,58.592675,1,135.7,0.2
9,1008.6,85.92,7.8,78.5,77.0,3.66,23.9,242,3,59.4,40473.93,1.8150475423045933,66.1584,1,100.86,0.3
13,2243.2,71.79,14.4,56.0,69.27,6.12,10.32,119,0,5.6,1587.99,2.7971539081385983,49.728933,0,160.22857142857143,0.0
9,2308.0,53.78,18.5,48.6,69.37,4.71,20.88,69,2,37.8,37090.86,2.116554391619662,37.307186,0,230.8,0.2
17,2341.6,71.85,9.7,20.7,71.01,5.26,15.44,173,1,22.8,19030.53,2.572493150684932,51.020685,0,130.08888888888887,0.0555555555555555
4,448.3,57.63,8.3,29.5,58.4,8.15,13.27,264,0,3.8,849.87,3.52317485898469,33.65592,1,89.66,0.0
16,1829.7,40.83,9.3,50.9,58.61,4.06,24.86,207,1,8.6,15780.95,2.0951925866236905,23.930463,1,107.62941176470588,0.0588235294117647
4,526.4,63.22,11.3,63.5,74.71,3.38,10.99,318,1,20.3,19662.67,1.6521611603545527,47.231662,1,105.28,0.2
5,931.1,57.45,14.9,49.3,54.72,5.89,22.68,319,1,17.7,11922.75,2.67743432715552,31.43664,1,155.18333333333334,0.1666666666666666
10,1733.8,78.76,14.3,62.7,78.93,8.3,10.14,37,0,5.4,1399.26,3.5512248186946014,62.165268000000005,0,157.61818181818182,0.0
13,2596.6,68.29,14.0,67.1,69.14,5.97,27.5,74,3,80.8,60247.2,2.706331990330378,47.21570600000001,0,185.47142857142856,0.2142857142857142
8,1589.9,46.6,14.9,19.1,66.51,4.43,26.41,341,2,44.9,46270.49,2.1702675261885576,30.99366000000001,1,176.65555555555557,0.2222222222222222
14,3595.6,77.94,19.0,37.9,70.66,4.69,22.82,348,2,36.1,22073.56,2.4025914585012087,55.072404,1,239.70666666666665,0.1333333333333333
13,974.0,56.11,6.1,10.5,79.63,4.31,10.78,196,1,20.6,14076.53,2.125893634165995,44.680393,1,69.57142857142857,0.0714285714285714
7,1533.1,87.32,15.6,64.5,78.0,8.29,27.14,117,0,7.0,2570.55,3.540254633360193,68.10959999999999,0,191.6375,0.0
13,2662.7,43.15,15.0,38.4,62.85,3.09,21.78,267,1,25.6,22196.2,1.6865237711522965,27.119775,1,190.19285714285712,0.0714285714285714
7,1580.1,42.98,18.2,53.6,57.94,3.57,17.96,260,2,31.5,22879.2,1.7501998388396454,24.902612,1,197.5125,0.25
16,2139.0,63.96,12.1,15.5,62.3,3.08,15.01,163,5,72.2,58903.7,1.673055600322321,39.84708,0,125.82352941176472,0.2941176470588235
7,1640.7,43.19,19.8,24.7,61.76,6.23,16.3,91,2,46.9,35890.13,2.6984464141821114,26.674144,0,205.0875,0.25
16,2261.4,66.18,11.7,59.2,80.62,3.3,20.92,47,3,73.6,61237.55,1.6816035455278002,53.35431600000001,0,133.0235294117647,0.1764705882352941
9,1889.3,73.18,16.5,25.4,70.86,5.17,10.51,228,3,28.8,44627.55,2.4094585012087024,51.855348000000006,1,188.93,0.3
13,1944.1,73.39,12.2,25.1,75.17,9.07,15.35,267,0,1.1,415.73,4.078523771152296,55.167263000000005,1,138.8642857142857,0.0
9,725.4,72.73,7.1,26.5,72.86,2.05,21.88,66,1,18.2,13049.09,1.0504995970991136,52.99107800000001,0,72.53999999999999,0.1
5,796.3,51.07,14.9,65.3,71.94,2.85,12.04,162,1,19.9,13135.75,1.3539000805801775,36.739758,0,132.71666666666667,0.1666666666666666
15,2988.6,81.33,14.3,32.0,76.43,5.97,22.63,21,2,35.0,26497.86,2.7112070910556,62.160519,0,186.7875,0.125
15,1725.9,40.31,8.3,75.6,54.58,4.04,16.66,25,1,29.8,24287.39,1.9419468170829977,22.001198,0,107.86875,0.0625
15,2032.1,50.26,11.2,40.8,62.78,3.96,6.12,139,1,27.9,17920.77,1.9880290088638195,31.553228,0,127.00625,0.0625
15,1311.3,65.04,7.9,59.0,69.34,9.1,16.32,256,1,15.0,17796.75,4.124165995165189,45.09873600000001,1,81.95625,0.0625
9,1946.6,83.49,16.7,46.6,65.45,4.43,10.64,235,3,45.1,44578.45,2.118253021756648,54.644205,1,194.66,0.3
4,449.4,68.7,9.2,25.2,69.37,3.41,26.55,247,1,20.0,17841.71,1.6155310233682514,47.65719000000001,1,89.88,0.2
15,1739.1,55.44,9.2,21.0,67.13,4.25,8.76,313,5,116.1,80452.41,2.2232070910556003,37.216872,1,108.69375,0.3125
5,768.6,67.42,14.0,78.6,73.5,4.38,12.9,339,0,4.1,820.21,2.087132957292506,49.5537,1,128.1,0.0
4,470.0,47.51,11.0,77.5,65.1,7.11,25.38,263,1,19.9,18731.22,3.106489927477841,30.929009999999995,1,94.0,0.2
17,1568.0,80.07,7.5,52.4,72.99,3.49,12.84,266,0,5.8,2393.29,1.9281917808219176,58.44309299999999,1,87.11111111111111,0.0
6,647.4,80.91,9.3,24.7,69.39,6.83,23.74,208,0,9.4,2031.79,2.9979951651893635,56.143449,1,92.48571428571428,0.0
5,811.3,84.94,15.2,56.4,74.9,3.97,12.48,73,1,11.0,13630.99,1.7409411764705884,63.62006,0,135.21666666666667,0.1666666666666666
9,2170.5,79.57,19.0,56.9,66.33,6.96,23.55,191,3,34.2,34966.78,3.100116035455278,52.77878099999999,1,217.05,0.3
10,846.7,91.19,6.1,23.6,66.95,8.83,17.95,311,1,25.2,18589.34,3.9508960515713136,61.051705,1,76.97272727272728,0.0909090909090909
11,2690.9,40.53,19.4,27.4,72.94,5.86,25.8,52,3,66.6,49210.16,2.606087026591459,29.562582000000003,0,224.24166666666667,0.25
11,1919.6,54.31,13.2,12.2,66.25,8.1,29.77,212,3,57.9,31191.89,3.611676067687349,35.980375,1,159.96666666666667,0.25
8,719.3,87.68,6.6,42.1,89.98,4.65,18.04,20,0,8.5,1975.3,2.038404512489928,78.89446400000001,0,79.92222222222222,0.0
10,2169.5,93.09,19.5,17.0,76.14,5.6,13.3,230,0,4.6,1485.77,2.603416599516519,70.878726,1,197.22727272727272,0.0
13,2540.9,56.86,13.9,25.9,61.9,3.63,24.73,195,2,42.6,31409.16,1.8532087026591455,35.19634,1,181.4928571428572,0.1428571428571428
15,2885.6,64.94,16.1,26.1,67.68,7.13,19.76,202,1,11.9,17776.48,3.2991796937953266,43.951392000000006,1,180.35,0.0625
6,1023.4,80.39,14.9,55.0,66.49,3.4,13.63,64,0,4.0,1695.38,1.5273650282030622,53.451311,0,146.2,0.0
13,2547.8,54.45,18.2,16.1,64.17,3.91,26.55,65,1,18.9,20553.48,1.876167606768735,34.940565,0,181.9857142857143,0.0714285714285714
7,1175.5,72.47,12.9,25.5,73.1,2.69,6.23,41,0,2.1,980.55,1.2481998388396454,52.97557,0,146.9375,0.0
16,3140.0,87.5,14.4,39.0,81.0,3.56,5.31,48,5,125.6,120580.12,1.7862884770346497,70.875,0,184.7058823529412,0.2941176470588235
17,3158.9,78.57,13.9,41.4,76.81,8.24,15.49,147,0,1.6,453.38,3.7466849315068496,60.349617,0,175.49444444444444,0.0
11,1394.1,83.94,9.3,56.5,70.12,2.31,12.19,200,3,53.1,61560.19,1.2874568896051573,58.858728,1,116.175,0.25
4,510.8,62.24,10.4,30.3,74.09,6.83,21.0,212,0,1.7,574.65,2.9595584206285257,46.113616,1,102.16,0.0
8,1365.3,85.85,14.0,24.7,81.65,3.13,12.6,301,2,42.9,30173.53,1.622870265914585,70.096525,1,151.7,0.2222222222222222
6,1510.8,53.48,18.6,38.7,66.19,6.6,5.16,124,2,36.2,45111.73,2.848460918614021,35.398412,0,215.82857142857145,0.2857142857142857
10,720.7,89.68,6.7,36.9,77.05,7.47,6.26,49,3,51.0,61569.18,3.227443996776793,69.09844,0,65.51818181818182,0.2727272727272727
3,455.8,52.72,13.6,59.4,66.25,3.98,22.35,37,1,20.4,14503.57,1.6791071716357775,34.927,0,113.95,0.25
12,1876.3,78.32,12.7,31.0,71.93,2.36,12.97,63,0,6.5,1620.49,1.2342095084609186,56.335576,0,144.33076923076922,0.0
5,641.2,54.23,12.0,46.3,67.57,5.06,17.77,302,0,3.9,1468.65,2.333790491539081,36.643211,1,106.86666666666667,0.0
3,370.3,84.74,10.2,54.9,72.85,2.93,26.86,351,0,5.6,1395.72,1.4741756647864628,61.73308999999999,1,92.575,0.0
14,1957.0,48.66,11.3,32.7,68.15,4.65,12.79,295,4,38.3,41055.36,2.350290088638195,33.16179,1,130.46666666666667,0.2666666666666666
11,1837.8,83.89,13.4,41.7,84.16,5.79,25.53,128,0,0.1,48.5,2.630141821112007,70.601824,0,153.15,0.0
4,590.2,50.22,12.3,50.5,68.73,6.9,20.11,126,1,20.4,18736.49,2.9286543110394847,34.516206000000004,0,118.04,0.2
9,1607.4,46.27,16.1,23.9,61.44,5.27,7.66,107,2,54.0,34596.49,2.366581788879936,28.428288,0,160.74,0.2
15,3036.3,71.49,17.5,23.4,71.34,4.7,22.51,230,2,34.4,26136.61,2.3463577759871077,51.000966,1,189.76875,0.125
16,1439.3,43.81,7.2,63.6,63.48,2.53,24.02,70,5,85.9,77915.43,1.3893569701853343,27.810588,0,84.66470588235293,0.2941176470588235
12,1336.9,89.18,8.2,18.1,74.02,2.74,21.85,265,0,8.6,2937.15,1.5245656728444803,66.011036,1,102.83846153846154,0.0
12,2591.6,43.48,18.8,73.7,58.17,6.14,25.6,159,3,30.4,31279.22,2.811962933118453,25.292316,0,199.35384615384612,0.2307692307692307
14,3780.5,51.29,19.8,48.8,64.16,3.32,25.75,305,1,24.2,23309.24,1.8251394037066884,32.907664,1,252.03333333333333,0.0666666666666666
17,3229.2,48.78,15.3,74.6,67.75,5.76,22.15,365,2,45.9,43053.79,2.904,33.04845,1,179.39999999999998,0.1111111111111111
11,2177.1,72.55,14.1,50.2,66.76,4.01,8.72,7,3,74.4,61154.87,1.8352651087832397,48.43438,0,181.425,0.25
7,1384.4,42.58,15.5,55.0,64.33,8.09,13.61,200,2,31.0,22685.43,3.517103948428687,27.391714,1,173.05,0.25
14,2483.2,87.7,12.3,68.1,80.38,3.08,9.26,312,1,29.7,18636.31,1.7339339242546334,70.49326,1,165.54666666666665,0.0666666666666666
7,1622.8,44.5,16.6,59.3,63.73,3.42,16.17,44,2,28.1,35381.94,1.5422546333601934,28.35985,0,202.85,0.25
15,3543.5,56.23,17.8,12.3,63.93,4.25,23.84,236,0,6.8,1817.59,2.170467365028203,35.947839,1,221.46875,0.0
13,2171.8,77.01,13.5,50.9,67.15,5.83,21.81,331,2,22.0,20736.44,2.826359387590653,51.71221500000001,1,155.12857142857143,0.1428571428571428
9,1452.9,86.2,11.4,79.8,77.7,3.63,8.86,348,1,11.0,9737.5,1.8756502820306205,66.9774,1,145.29000000000002,0.1
5,916.3,92.92,12.9,71.4,78.36,5.69,28.15,9,1,18.7,20166.33,2.3851055600322324,72.812112,0,152.71666666666667,0.1666666666666666
3,697.3,78.75,18.1,26.0,81.52,6.09,6.15,153,0,8.7,2923.4,2.602559226430298,64.197,0,174.325,0.0
6,730.4,85.72,8.9,69.3,77.09,5.01,6.73,214,2,39.3,30466.06,2.2741047542304598,66.081548,1,104.34285714285714,0.2857142857142857
14,3128.1,67.14,20.0,70.3,61.52,3.58,23.89,83,1,25.7,13717.56,1.7770846091861403,41.304528,0,208.54,0.0666666666666666
3,298.5,66.76,7.5,40.7,71.9,3.31,27.13,102,0,0.3,81.46,1.4556277195809832,48.000440000000005,0,74.625,0.0
6,1417.8,59.31,16.7,20.0,63.16,3.65,9.54,341,1,16.6,18495.06,1.8170910556003224,37.460196,1,202.54285714285717,0.1428571428571428
4,820.4,66.93,14.2,47.7,73.18,4.2,8.71,181,1,22.8,16314.4,1.8863255439161968,48.97937400000001,1,164.07999999999998,0.2
10,820.1,70.43,6.1,51.0,72.38,2.84,15.82,265,1,21.5,18120.36,1.5233892022562447,50.977234,1,74.55454545454546,0.0909090909090909
11,1664.5,66.07,11.5,19.5,65.91,5.87,18.34,205,2,50.1,47305.74,2.714881547139404,43.54673699999999,1,138.70833333333334,0.1666666666666666
15,1408.2,60.15,6.9,49.7,61.57,4.3,14.57,314,1,29.0,21158.97,2.243892022562449,37.034355,1,88.0125,0.0625
16,3212.6,85.63,15.9,28.4,75.24,4.54,25.87,283,4,50.4,54570.32,2.3392473811442387,64.428012,1,188.9764705882353,0.2352941176470588
11,2220.2,68.18,14.4,48.3,71.37,4.66,26.08,165,1,17.7,13279.3,2.203484286865431,48.66006600000001,0,185.01666666666665,0.0833333333333333
11,2212.7,79.67,15.2,79.8,72.55,6.55,21.39,137,3,52.0,58408.87,2.9403062046736506,57.800585,0,184.39166666666665,0.25
7,1048.4,83.77,10.6,20.5,79.8,5.31,6.66,20,1,31.0,24934.19,2.28181627719581,66.84845999999999,0,131.05,0.125
14,1164.1,42.35,6.9,73.5,65.13,3.29,10.17,189,3,52.5,42337.41,1.7336873489121678,27.582555,1,77.60666666666665,0.2
9,1358.0,59.27,13.2,19.9,64.33,5.46,12.96,365,2,37.2,33624.98,2.6192941176470588,38.128391,1,135.8,0.2
16,1996.2,64.53,10.6,21.7,68.17,9.48,22.94,232,2,38.5,43033.68,4.280315874294924,43.990101,1,117.4235294117647,0.1176470588235294
13,1520.8,54.92,8.8,76.2,64.38,4.0,16.62,39,3,64.3,62194.69,1.8943593875906528,35.357496,0,108.62857142857142,0.2142857142857142
10,1630.3,91.49,11.4,61.0,80.56,2.39,8.97,286,0,6.4,2984.04,1.3577727639000807,73.704344,1,148.20909090909092,0.0
10,2178.1,44.01,17.1,46.8,57.58,4.22,22.69,99,0,1.6,513.64,1.9616905721192583,25.340958,0,198.0090909090909,0.0
14,3386.3,56.18,16.9,57.8,73.2,3.23,9.44,100,1,21.7,11563.36,1.6487284448025787,41.12376,0,225.75333333333336,0.0666666666666666
12,1807.6,56.62,13.8,51.3,65.45,4.89,16.52,127,4,50.2,50329.85,2.2900451248992746,37.05779,0,139.04615384615383,0.3076923076923077
7,873.9,75.32,10.8,27.1,71.44,5.92,27.97,25,2,49.9,37601.34,2.529240934730056,53.80860799999999,0,109.2375,0.25
3,757.8,63.73,19.1,71.2,72.08,3.96,15.52,362,1,19.9,19151.54,1.893709911361805,45.936584,1,189.45,0.25
15,3773.2,65.52,19.3,50.6,72.23,20.93,19.09,353,4,85.6,74982.92,8.922604351329573,47.325096,1,235.825,0.25
6,1294.6,67.71,15.1,32.6,69.86,6.13,22.36,64,1,23.4,24091.8,2.619365028203062,47.302206,0,184.94285714285712,0.1428571428571428
3,344.7,87.16,8.1,74.0,88.02,3.96,18.82,340,1,14.3,18391.07,1.87864141821112,76.71823199999999,1,86.175,0.25
16,3532.7,48.16,18.6,53.7,57.42,4.42,8.15,304,4,84.2,68184.79,2.305630942788074,27.653472,1,207.80588235294115,0.2352941176470588
13,1419.1,61.04,8.2,42.9,64.93,5.72,5.97,107,3,50.0,54483.54,2.6289347300564057,39.633272000000005,0,101.36428571428571,0.2142857142857142
14,2812.2,45.39,16.9,70.9,71.13,6.37,23.44,197,1,15.1,10537.86,2.971166800966962,32.285906999999995,1,187.48,0.0666666666666666
4,355.9,79.31,6.2,78.2,76.96,6.61,14.62,131,0,7.4,2958.54,2.816078968573731,61.036976,0,71.17999999999999,0.0
13,2308.4,75.13,12.5,29.3,73.89,4.09,28.07,223,2,32.6,22675.9,2.0563867848509267,55.513557,1,164.8857142857143,0.1428571428571428
3,480.4,47.37,14.6,31.4,65.42,10.17,7.95,98,1,24.9,15192.26,4.196887993553586,30.989454,0,120.1,0.25
12,867.1,46.97,6.2,18.0,70.14,5.56,15.52,37,3,50.5,49757.86,2.496401289282836,32.944758,0,66.7,0.2307692307692307
10,847.6,49.5,6.4,23.1,62.91,3.43,10.37,148,3,69.4,52572.54,1.679252215954875,31.14045,0,77.05454545454546,0.2727272727272727
16,2841.3,59.33,13.4,27.6,72.55,3.91,23.13,22,0,0.6,280.91,1.9084802578565676,43.043915,0,167.13529411764708,0.0
6,645.8,74.67,8.1,56.3,77.23,4.63,12.53,344,2,31.2,26758.18,2.2111458501208703,57.667641,1,92.25714285714284,0.2857142857142857
5,795.0,71.68,12.0,39.0,68.92,7.88,7.81,192,1,14.7,17888.39,3.386448025785657,49.40185600000001,1,132.5,0.1666666666666666
12,2208.1,94.19,14.7,70.8,70.11,5.59,27.42,256,1,33.9,16841.35,2.658401289282837,66.036609,1,169.85384615384615,0.0769230769230769
9,1346.6,60.51,13.3,38.6,64.29,4.08,12.07,178,0,6.5,1484.29,1.939211925866237,38.901879,0,134.66,0.0
8,1124.9,89.61,11.2,66.3,73.75,1.86,9.48,28,1,13.8,14080.73,0.927883964544722,66.08737500000001,0,124.9888888888889,0.1111111111111111
13,2141.0,48.29,11.8,34.0,56.59,4.51,29.81,296,3,39.9,29358.02,2.2743867848509267,27.327311,1,152.92857142857142,0.2142857142857142
3,236.5,48.34,6.5,37.4,59.78,5.1,13.25,6,1,20.2,21240.06,2.105874294923449,28.897652000000004,0,59.125,0.25
4,950.8,68.58,17.2,50.5,68.73,4.86,13.4,340,1,22.9,18649.64,2.259229653505238,47.135034000000005,1,190.16,0.2
17,2944.0,53.02,12.1,32.1,61.85,3.12,11.52,206,5,114.0,78427.4,1.7390958904109592,32.79287,1,163.55555555555554,0.2777777777777778
12,1619.3,68.97,10.8,59.7,71.26,6.55,8.07,352,4,97.7,74000.45,3.1081547139403707,49.148022,1,124.56153846153846,0.3076923076923077
12,1588.7,44.99,10.1,31.3,60.64,5.64,16.99,365,3,75.2,41033.61,2.753058823529412,27.281936,1,122.20769230769233,0.2307692307692307
9,1294.8,73.17,11.5,13.9,76.62,6.36,17.79,346,2,36.7,30143.91,2.9662804190169223,56.06285400000001,1,129.48,0.2
9,1864.2,62.91,19.3,75.2,70.88,10.73,22.06,247,2,37.7,20107.92,4.646472199838841,44.590608,1,186.42,0.2
8,1739.2,51.72,19.9,75.3,69.21,4.8,11.63,40,0,1.6,657.7,2.1121031426269137,35.795412,0,193.24444444444444,0.0
13,1070.9,54.23,7.4,63.4,62.89,1.84,25.21,98,2,40.5,33154.46,1.0707703464947624,34.105247,0,76.49285714285715,0.1428571428571428
12,1304.5,82.28,10.0,26.3,76.3,4.25,21.31,24,1,23.5,19295.42,1.9634971796937957,62.77964,0,100.34615384615384,0.0769230769230769
16,1536.0,42.41,7.3,22.5,64.87,4.87,28.44,21,1,11.7,9910.72,2.291795326349718,27.511367,0,90.3529411764706,0.0588235294117647
14,1271.0,86.15,6.4,65.4,86.56,5.78,21.25,75,0,8.3,2005.59,2.6516051571313457,74.57144000000001,0,84.73333333333333,0.0
16,2002.5,57.88,10.7,55.9,56.32,5.18,11.92,338,2,27.6,20796.14,2.632918614020951,32.598016,1,117.79411764705884,0.1176470588235294
5,667.1,50.62,10.1,54.7,60.16,2.76,20.27,212,1,17.6,16188.2,1.352146655922643,30.452991999999995,1,111.18333333333334,0.1666666666666666
12,1837.2,54.8,10.9,57.8,63.33,3.79,28.68,102,3,63.9,40129.52,1.832921837228042,34.70484,0,141.32307692307694,0.2307692307692307
13,3300.6,47.55,19.1,51.1,70.79,4.52,20.39,129,0,5.3,1143.46,2.1640032232070907,33.660645,0,235.75714285714284,0.0
17,4516.6,68.59,18.9,36.1,78.2,1.68,22.52,48,4,39.8,61651.99,1.0548767123287672,53.63738,0,250.92222222222225,0.2222222222222222
15,3316.0,42.53,15.7,30.5,61.14,4.13,24.9,196,3,36.7,48043.48,2.095070104754231,26.002842,1,207.25,0.1875
16,3446.8,44.97,15.0,36.9,68.26,5.82,19.85,302,4,104.3,70945.08,2.864261079774376,30.696522,1,202.75294117647056,0.2352941176470588
17,1780.5,43.33,9.7,45.5,63.29,1.8,24.73,326,5,86.7,79574.48,1.2932876712328767,27.423557,1,98.91666666666669,0.2777777777777778
9,1226.4,52.26,9.5,67.2,62.16,3.35,15.15,181,3,73.3,49253.86,1.649266720386785,32.484815999999995,1,122.64,0.3
3,763.0,65.44,18.1,74.9,70.83,5.06,25.35,33,1,24.4,15568.79,2.1083674456083803,46.35115199999999,0,190.75,0.25
12,2889.5,87.83,19.9,36.3,72.24,4.94,27.67,354,4,49.6,49438.89,2.465524576954069,63.44839199999999,1,222.2692307692308,0.3076923076923077
14,2531.9,88.53,13.5,27.0,73.56,6.55,19.41,247,3,34.7,39280.99,3.077413376309428,65.122668,1,168.79333333333335,0.2
14,2258.6,64.29,14.6,12.4,71.59,5.71,11.47,41,4,89.2,51909.08,2.600317485898469,46.025211000000006,0,150.57333333333332,0.2666666666666666
9,811.1,91.99,6.5,63.5,78.72,4.5,21.71,216,1,24.6,17059.16,2.133239323126511,72.41452799999999,1,81.11,0.1
5,1017.5,82.99,15.8,20.5,71.89,6.07,7.81,295,0,5.6,1600.64,2.7329959709911367,59.661511,1,169.58333333333334,0.0
17,2410.3,79.17,10.4,29.4,67.86,4.86,21.02,189,1,22.9,17439.15,2.4234520547945206,53.724762,1,133.90555555555557,0.0555555555555555
8,1710.8,81.95,19.4,28.5,74.89,12.0,20.64,46,0,5.5,1774.05,4.9962127316680105,61.372355000000006,0,190.08888888888887,0.0
8,1338.5,88.25,12.4,54.8,72.18,5.93,15.87,278,1,28.3,13691.6,2.7271168412570503,63.69885,1,148.72222222222223,0.1111111111111111
9,1090.1,91.83,9.5,18.0,72.48,5.08,22.01,279,2,45.5,27128.86,2.4083900080580176,66.558384,1,109.01,0.2
10,1133.9,58.94,9.6,61.5,64.16,2.55,22.64,342,0,4.5,1118.42,1.4601289282836425,37.815904,1,103.0818181818182,0.0
14,2570.2,70.18,13.6,79.5,78.95,3.64,20.58,360,0,9.1,2517.4,1.9908106365834008,55.40711000000001,1,171.34666666666666,0.0
11,2646.6,78.25,18.7,63.6,73.93,2.02,26.42,199,3,27.8,50282.01,1.170771958098308,57.85022500000001,1,220.55,0.25
10,1638.6,76.94,15.0,23.8,80.02,1.55,11.27,302,3,76.1,55713.25,1.0327316680096696,61.567388,1,148.96363636363637,0.2727272727272727
10,1503.3,43.35,11.8,19.6,69.98,2.65,11.99,107,1,26.7,26213.59,1.3391700241740532,30.336330000000004,0,136.66363636363636,0.0909090909090909
15,2205.4,51.28,12.2,56.6,80.21,4.31,22.68,181,1,19.7,12348.19,2.1567961321514906,41.131688,1,137.8375,0.0625
17,3875.2,75.53,20.0,16.4,70.46,8.44,25.23,174,0,4.6,1711.96,3.8451780821917807,53.218438,0,215.2888888888889,0.0
8,1665.9,71.63,17.9,74.9,54.08,3.16,20.58,319,2,40.2,37739.07,1.647199033037873,38.737504,1,185.1,0.2222222222222222
9,2458.4,90.52,19.3,44.2,84.48,4.09,19.97,62,2,54.2,27932.15,1.8637598710717165,76.471296,0,245.84,0.2
14,2164.4,68.19,11.8,25.5,83.31,2.88,9.02,134,1,16.7,14285.41,1.5320161160354553,56.809089,0,144.29333333333335,0.0666666666666666
3,395.5,61.07,10.8,52.6,73.85,6.1,17.14,24,0,1.4,571.34,2.518203062046737,45.10019499999999,0,98.875,0.0
8,1053.1,60.49,9.8,18.0,74.58,3.75,13.57,209,1,16.5,20766.22,1.807856567284448,45.113442000000006,1,117.0111111111111,0.1111111111111111
7,779.4,67.58,8.6,41.5,68.7,6.07,28.94,180,2,25.3,21213.69,2.6954053182917006,46.42746,0,97.425,0.25
14,2572.5,70.47,17.1,66.3,71.43,11.46,14.22,287,1,19.3,17740.56,5.068810636583401,50.336721,1,171.5,0.0666666666666666
17,3641.4,53.95,14.9,65.2,64.51,3.95,5.41,181,1,26.7,23943.86,2.053972602739726,34.803145,1,202.3,0.0555555555555555
8,1849.2,61.16,18.4,74.1,61.64,9.53,29.49,132,1,18.2,15975.93,4.06711684125705,37.699024,0,205.46666666666667,0.1111111111111111
7,1091.0,83.17,12.0,66.4,66.3,7.99,25.34,296,1,23.0,18038.87,3.5428573730862207,55.14171,1,136.375,0.125
14,3426.0,59.58,17.7,18.4,61.43,4.67,24.47,45,3,62.9,44621.72,2.1870572119258664,36.599994,0,228.4,0.2
8,1621.9,79.45,15.7,16.2,78.95,2.89,20.3,159,1,20.7,17185.84,1.4296099919419825,62.725775000000006,0,180.2111111111111,0.1111111111111111
8,1260.9,41.63,11.6,79.5,51.87,3.63,11.83,256,0,9.4,3796.74,1.7920483481063658,21.593481,1,140.10000000000002,0.0
10,1907.9,59.82,16.4,66.7,70.53,3.35,18.94,181,0,3.5,1335.85,1.6698549556809026,42.191046,1,173.44545454545457,0.0
15,1259.5,84.74,6.6,64.5,84.25,5.27,9.38,242,5,82.5,65964.74,2.5825769540692987,71.39344999999999,1,78.71875,0.3125
6,483.4,60.87,6.1,35.3,69.54,6.64,7.52,137,0,2.4,921.42,2.8733650282030623,42.328998,0,69.05714285714285,0.0
9,1483.6,65.66,13.9,27.4,71.89,4.29,11.69,54,0,3.8,1043.03,1.938280419016922,47.202974,0,148.36,0.0
5,424.1,92.61,7.8,56.9,77.16,6.03,19.04,215,1,32.3,24563.89,2.6622014504431912,71.457876,1,70.68333333333334,0.1666666666666666
14,1150.6,40.39,6.1,46.4,66.74,4.16,18.06,197,1,22.9,14266.03,2.087166800966962,26.956286,1,76.70666666666666,0.0666666666666666
10,1427.5,61.17,10.8,49.1,64.48,2.72,25.98,318,0,9.3,3169.32,1.5116905721192586,39.442416,1,129.77272727272728,0.0
17,1856.5,50.97,10.1,75.3,58.99,6.47,6.05,268,3,79.9,56635.8,3.1215616438356166,30.067203,1,103.13888888888889,0.1666666666666666
15,2960.5,66.43,18.2,75.4,66.28,4.89,14.28,269,0,7.6,3584.1,2.44907010475423,44.029804000000006,1,185.03125,0.0
3,709.8,61.9,19.7,18.6,72.68,9.57,9.75,237,0,6.4,1321.01,4.052093473005641,44.98892000000001,1,177.45,0.0
8,702.5,62.23,6.1,30.6,59.62,6.59,8.19,194,2,48.9,45338.08,2.933582594681708,37.10152599999999,1,78.05555555555556,0.2222222222222222
16,3548.3,49.42,17.9,72.0,65.87,1.98,13.59,314,1,27.8,18092.54,1.336480257856567,32.55295400000001,1,208.72352941176476,0.0588235294117647
7,1138.0,45.32,14.6,79.1,68.36,8.01,14.33,290,1,22.8,18071.76,3.546747784045125,30.980752,1,142.25,0.125
3,283.5,88.78,7.2,66.5,89.0,3.68,15.41,248,0,6.4,2071.1,1.7036277195809832,79.0142,1,70.875,0.0
9,1391.1,70.67,11.5,54.1,67.04,5.41,17.9,30,1,16.9,15621.58,2.369842062852538,47.377168000000005,0,139.11,0.1
6,1221.1,86.4,17.1,13.9,79.46,3.58,28.79,205,0,1.8,495.04,1.6959403706688156,68.65344,1,174.44285714285712,0.0
5,1245.1,42.4,18.6,60.4,63.04,2.91,14.11,232,1,28.6,15112.1,1.4258452860596296,26.72896,1,207.51666666666665,0.1666666666666666
17,2097.4,47.22,9.2,51.3,59.79,3.82,23.35,91,0,6.5,3009.26,1.940328767123288,28.232838,0,116.52222222222224,0.0
7,883.8,56.56,11.3,14.4,62.48,5.46,17.33,227,1,20.0,11279.41,2.4835970991136183,35.338688000000005,1,110.475,0.125
14,3024.9,82.68,15.6,12.2,72.49,3.72,10.73,166,3,39.8,61711.12,1.8899339242546336,59.934732,0,201.66,0.2
7,645.1,57.3,6.5,51.1,78.14,3.24,29.04,208,0,5.6,2547.06,1.5825834004834811,44.77421999999999,1,80.6375,0.0
7,1102.3,86.0,14.1,63.5,74.42,4.44,24.83,308,0,1.2,389.46,2.131076551168413,64.0012,1,137.7875,0.0
16,1896.6,69.59,8.3,14.6,65.79,5.51,5.18,348,5,114.4,72657.24,2.771767929089444,45.783261,1,111.56470588235294,0.2941176470588235
17,1911.8,86.65,10.4,33.3,72.75,5.43,26.8,28,0,6.6,2463.57,2.541178082191781,63.03787500000001,0,106.21111111111112,0.0
3,492.5,60.54,14.5,23.6,67.06,4.53,16.44,188,1,12.7,14689.38,2.0025318291700245,40.598124000000006,1,123.125,0.25
8,1313.4,70.26,13.6,35.2,68.91,3.96,23.61,236,1,24.3,12280.5,1.91034971796938,48.416166,1,145.93333333333334,0.1111111111111111
7,716.4,53.47,7.6,17.2,68.52,4.24,8.49,284,0,0.3,80.94,2.034638195004029,36.637644,1,89.55,0.0
6,675.3,87.08,9.3,32.3,74.18,3.14,15.27,247,2,50.9,52048.13,1.5487074939564869,64.595944,1,96.47142857142856,0.2857142857142857
5,1118.9,70.74,16.7,70.9,71.13,3.99,16.98,175,1,24.4,26294.01,1.8188041901692185,50.317362,0,186.48333333333332,0.1666666666666666
16,2612.8,69.87,14.0,47.9,74.19,7.75,29.77,26,5,79.7,79795.22,3.447219983883965,51.836553,0,153.69411764705885,0.2941176470588235
4,433.8,80.9,9.2,32.5,65.42,2.97,24.35,218,0,2.1,886.8,1.4196680096696213,52.92478,1,86.76,0.0
12,2132.1,43.79,13.5,10.9,59.63,3.93,21.19,220,3,39.0,51563.43,1.969743755036261,26.111977000000003,1,164.0076923076923,0.2307692307692307
17,2421.4,94.31,9.9,65.9,82.69,4.07,18.51,61,5,115.0,93113.0,2.0197808219178084,77.984939,0,134.52222222222224,0.2777777777777778
4,586.9,48.06,10.8,76.9,68.55,6.21,6.05,45,1,30.3,20478.53,2.59717485898469,32.94513,0,117.38,0.2
10,1307.5,73.45,11.0,46.9,77.49,4.29,9.88,147,1,13.8,14994.83,2.022567284448026,56.916405,0,118.86363636363636,0.0909090909090909
4,556.6,74.22,12.5,37.6,79.66,3.64,5.67,293,0,4.3,1094.43,1.73903787268332,59.12365199999999,1,111.32,0.0
10,1112.2,75.07,9.6,46.5,70.53,4.37,24.15,325,1,13.4,11629.58,2.176485092667204,52.946871,1,101.10909090909092,0.0909090909090909
16,2889.1,58.62,12.6,55.5,72.81,5.53,22.32,173,5,116.8,89376.92,2.6599049153908143,42.681222,0,169.9470588235294,0.2941176470588235
14,2325.4,81.13,13.2,13.8,70.26,3.58,12.39,127,3,46.1,44344.57,1.8072215954875104,57.001938,0,155.02666666666667,0.2
6,1464.0,83.7,19.2,15.7,75.41,3.46,24.69,176,2,52.8,44525.69,1.6280773569701854,63.11817,0,209.14285714285717,0.2857142857142857
13,1599.5,71.06,9.7,79.4,68.7,6.82,20.3,208,1,22.9,16948.04,3.138112812248187,48.81822,1,114.25,0.0714285714285714
17,3097.0,46.95,13.7,44.4,73.52,4.81,26.71,11,4,56.1,61097.56,2.2815342465753425,34.51764,0,172.05555555555554,0.2222222222222222
17,2781.1,52.11,14.2,54.2,59.88,5.21,6.77,122,0,8.6,2334.05,2.5175616438356165,31.203468,0,154.50555555555556,0.0
8,1048.0,50.9,11.0,66.7,66.23,4.57,23.96,45,1,18.6,20641.69,2.0235278001611605,33.71107,0,116.44444444444444,0.1111111111111111
5,1271.5,49.33,18.6,46.1,68.97,5.05,7.12,329,1,19.1,12947.39,2.348283642224013,34.022901,1,211.91666666666663,0.1666666666666666
16,1888.2,61.38,9.3,76.5,74.21,3.23,14.28,361,4,67.9,48212.11,1.868672038678485,45.550098,1,111.07058823529412,0.2352941176470588
14,3268.4,90.41,19.9,18.6,84.84,7.61,17.28,42,3,39.9,62599.72,3.361002417405319,76.703844,0,217.89333333333332,0.2
5,715.0,42.66,10.8,64.9,64.72,4.42,7.49,240,0,8.6,1721.74,2.035324738114424,27.609552,1,119.16666666666669,0.0
8,637.4,66.72,7.0,56.2,59.62,2.73,13.21,360,2,26.9,39270.37,1.5032812248186946,39.778464,1,70.82222222222222,0.2222222222222222
17,2970.9,46.78,13.7,51.8,63.46,4.77,5.13,280,4,99.4,96755.62,2.449780821917808,29.686588,1,165.05,0.2222222222222222
12,2442.7,80.62,17.2,63.1,72.45,6.24,7.37,28,0,6.6,2027.9,2.762236905721193,58.40919000000001,0,187.9,0.0
12,2117.4,82.39,16.0,48.5,78.13,3.96,5.13,85,3,66.1,55391.17,1.8892780016116035,64.371307,0,162.87692307692308,0.2307692307692307
6,1380.4,80.9,18.2,25.7,81.2,6.71,23.09,347,1,23.7,18999.94,3.0452006446414184,65.69080000000001,1,197.2,0.1428571428571428
14,3198.6,40.09,15.9,53.8,68.06,5.14,5.6,65,1,31.6,18624.76,2.3887558420628525,27.285254000000005,0,213.24,0.0666666666666666
13,1203.0,87.18,7.9,17.8,75.04,2.83,5.36,94,4,88.8,57223.31,1.464030620467365,65.41987200000001,0,85.92857142857143,0.2857142857142857
11,1996.2,93.09,14.9,12.6,82.39,4.66,14.58,107,2,57.2,45689.49,2.163758259468171,76.69685100000001,0,166.35,0.1666666666666666
9,1295.0,84.16,10.1,71.3,75.06,6.97,28.92,299,2,49.3,42511.19,3.178088638195004,63.170496,1,129.5,0.2
16,1107.8,40.62,6.2,34.3,66.44,3.5,17.41,269,5,65.8,92890.92,1.913658340048348,26.987928,1,65.16470588235293,0.2941176470588235
14,1657.3,64.96,9.0,52.1,72.78,10.01,16.05,8,1,25.8,22794.09,4.297714746172442,47.27788799999999,0,110.48666666666666,0.0666666666666666
9,1089.2,76.83,10.4,28.6,66.41,4.85,12.85,72,2,40.8,36988.71,2.1746091861402093,51.022803,0,108.92,0.2
10,1989.8,58.59,17.5,13.3,69.98,4.9,23.93,329,0,4.5,2190.86,2.391224818694601,41.001282,1,180.89090909090908,0.0
11,2835.7,92.13,19.0,20.9,77.83,4.7,28.2,284,2,41.0,48045.7,2.3009911361805,71.704779,1,236.3083333333333,0.1666666666666666
3,613.5,78.57,18.9,22.1,65.61,5.62,8.26,30,1,22.9,21431.13,2.3303126510878323,51.54977699999999,0,153.375,0.25
13,2756.7,86.56,15.8,16.0,78.54,7.26,6.45,227,0,6.1,2577.3,3.327126510878324,67.984224,1,196.90714285714284,0.0
11,1428.8,63.47,11.8,36.2,69.25,4.24,21.63,83,3,35.7,25971.11,1.979319903303788,43.952975,0,119.06666666666666,0.25
11,1766.8,44.25,14.0,43.8,62.34,3.76,13.12,254,0,3.0,1118.66,1.9044431909750204,27.58545,1,147.23333333333332,0.0
3,455.5,41.6,13.5,15.0,62.46,2.82,17.87,125,1,21.3,15572.6,1.2753811442385172,25.98336,0,113.875,0.25
7,1220.6,44.66,12.1,39.1,62.74,1.99,21.06,238,2,40.8,27991.19,1.1031313456889604,28.019684,1,152.575,0.25
8,1204.2,55.94,13.1,19.3,68.12,6.4,14.86,47,1,18.2,13096.44,2.7568976631748594,38.106328000000005,0,133.8,0.1111111111111111
13,2914.7,40.7,18.3,36.7,74.9,5.53,7.66,32,0,7.5,2144.88,2.5015648670427075,30.484300000000005,0,208.19285714285712,0.0
8,1180.9,69.28,10.7,31.0,66.64,3.58,22.72,13,1,14.7,13462.26,1.6056099919419826,46.168192,0,131.2111111111111,0.1111111111111111
15,1640.5,89.61,8.4,74.7,67.4,7.48,13.44,26,0,9.5,2654.27,3.3186317485898478,60.39714000000001,0,102.53125,0.0
9,2089.7,88.6,16.8,33.6,74.22,6.93,5.94,321,1,19.7,14843.18,3.177157131345689,65.75892,1,208.97,0.1
8,1202.3,69.68,11.1,63.9,72.76,5.43,10.48,342,0,1.9,770.59,2.570952457695407,50.69916800000001,1,133.58888888888887,0.0
16,3418.9,78.55,16.6,75.0,70.18,4.76,6.81,59,2,45.8,31404.97,2.273822723609992,55.12639,0,201.1117647058824,0.1176470588235294
13,1946.9,87.62,11.0,18.7,86.9,6.77,13.3,193,3,76.8,66107.42,3.1078388396454475,76.14178000000001,1,139.06428571428572,0.2142857142857142
16,3163.5,53.55,16.8,28.8,62.27,4.76,6.84,199,5,108.2,77829.43,2.369713134568896,33.345585,1,186.08823529411765,0.2941176470588235
5,884.2,45.57,13.2,26.2,71.22,5.26,11.4,156,1,16.9,10327.0,2.313790491539081,32.454954,0,147.36666666666667,0.1666666666666666
10,1550.0,73.36,13.7,70.1,73.46,4.05,26.04,76,1,21.3,10506.43,1.8779371474617244,53.890256,0,140.9090909090909,0.0909090909090909
5,942.5,56.75,14.5,24.5,68.42,2.86,17.71,348,1,27.8,12961.89,1.48529734085415,38.82835,1,157.08333333333334,0.1666666666666666
12,2524.7,64.32,14.6,13.1,80.79,3.88,8.65,124,1,21.2,17070.65,1.8839903303787269,51.964128,0,194.2076923076923,0.0769230769230769
13,2776.7,61.84,15.5,45.8,71.27,6.78,7.56,344,2,41.0,32271.82,3.215263497179694,44.073368,1,198.33571428571423,0.1428571428571428
8,1606.8,55.42,16.9,35.6,58.06,7.7,24.65,293,0,5.5,2007.66,3.4453908138597904,32.176852000000004,1,178.53333333333333,0.0
3,545.2,89.73,14.5,65.9,78.17,5.15,12.15,315,1,13.6,13309.02,2.337518130539888,70.141941,1,136.3,0.25
8,1823.6,44.34,18.3,60.0,57.61,4.99,27.57,262,2,54.6,44630.77,2.340157937147462,25.544274,1,202.6222222222222,0.2222222222222222
11,2300.2,41.6,16.1,33.1,54.28,5.39,9.39,178,3,78.7,61477.68,2.5043883964544724,22.58048,0,191.6833333333333,0.25
12,3072.2,81.71,18.6,14.5,70.31,4.47,26.08,246,1,18.7,14353.27,2.2035519742143435,57.450301,1,236.3230769230769,0.0769230769230769
10,1698.5,90.2,13.6,37.2,67.49,6.53,17.56,97,0,2.2,953.84,2.8843207091055603,60.87598,0,154.4090909090909,0.0
10,1932.4,72.49,15.5,38.8,74.25,2.94,21.18,129,0,5.9,2087.38,1.470238517324738,53.823825,0,175.6727272727273,0.0
4,771.2,72.72,17.4,14.4,68.64,6.67,20.39,108,1,22.1,19464.6,2.824325543916197,49.915008,0,154.24,0.2
8,1533.3,93.87,15.1,32.8,79.09,3.31,12.12,266,1,25.6,15617.01,1.670897663174859,74.241783,1,170.36666666666667,0.1111111111111111
5,876.6,49.19,12.3,23.5,78.68,2.35,10.3,26,1,16.2,14256.85,1.0607493956486704,38.702692,0,146.1,0.1666666666666666
7,1552.8,64.3,19.7,49.3,66.99,6.84,22.64,62,0,6.9,1454.58,2.9225834004834814,43.07457,0,194.1,0.0
14,2122.0,60.58,13.4,24.1,70.69,6.32,5.93,52,3,57.8,56380.38,2.851851732473812,42.824002,0,141.46666666666667,0.2
10,1348.9,82.16,10.3,76.3,67.85,6.04,16.76,78,2,51.0,44369.56,2.675307010475424,55.74556,0,122.62727272727274,0.1818181818181818
16,3272.6,77.29,16.2,58.1,80.94,3.01,26.82,218,1,22.0,16519.26,1.682726833199033,62.558526,1,192.5058823529412,0.0588235294117647
10,1081.2,87.16,9.4,42.4,80.44,4.2,8.61,34,3,78.9,40551.24,1.9091700241740528,70.111504,0,98.2909090909091,0.2727272727272727
11,1512.5,85.19,10.2,61.7,81.39,8.57,20.92,82,1,11.7,17112.53,3.710634971796938,69.336141,0,126.04166666666669,0.0833333333333333
15,1186.0,49.9,6.8,52.0,63.22,4.09,28.96,293,5,48.8,71997.03,2.1455084609186144,31.54678,1,74.125,0.3125
6,1145.8,50.76,14.8,31.3,58.63,9.32,7.67,207,1,26.1,22288.93,3.9933102336825135,29.760588,1,163.68571428571428,0.1428571428571428
14,2878.5,75.85,15.1,76.5,77.33,5.11,23.86,107,0,2.4,562.36,2.4055229653505235,58.654805,0,191.9,0.0
9,1295.9,71.62,11.8,32.2,73.51,6.45,8.13,42,3,52.9,42587.12,2.79406124093473,52.647862,0,129.59,0.3
4,801.6,87.14,14.0,57.4,73.17,5.67,21.18,142,1,25.4,24949.75,2.4476132151490737,63.760338,0,160.32,0.2
13,2741.8,49.36,19.3,61.2,75.02,8.57,14.39,285,0,9.9,4072.38,3.8908525382755847,37.029872,1,195.8428571428572,0.0
15,3564.4,60.12,17.0,29.1,69.5,3.37,17.54,89,2,56.5,45650.33,1.7177824335213538,41.7834,0,222.775,0.125
6,1403.3,76.68,18.6,58.8,72.12,3.8,13.15,288,0,6.6,2801.31,1.8407896857373087,55.30161600000001,1,200.47142857142856,0.0
10,1394.5,46.21,12.8,69.2,67.09,10.65,16.97,149,2,37.8,28889.69,4.567937147461725,31.002289,0,126.77272727272728,0.1818181818181818
4,855.8,94.13,16.2,38.2,79.69,3.48,7.46,178,0,1.9,620.47,1.5962707493956487,75.012197,0,171.16,0.0
3,381.7,44.06,10.0,79.1,57.03,2.64,28.63,158,1,24.3,20166.65,1.2259838839645447,25.127418,0,95.425,0.25
10,1618.9,87.88,14.3,34.5,75.76,4.69,19.67,88,2,48.4,30994.32,2.1421563255439167,66.577888,0,147.1727272727273,0.1818181818181818
15,2232.0,78.54,13.0,69.8,81.89,6.72,14.31,148,3,34.5,41542.45,3.0981933924254634,64.316406,0,139.5,0.1875
4,629.4,92.33,12.9,35.9,82.52,5.29,5.82,232,1,32.7,19260.07,2.357257050765512,76.190716,1,125.88,0.2
10,1880.9,52.19,17.1,31.4,58.58,3.79,22.29,302,2,37.4,34359.47,1.9287316680096696,30.572902,1,170.9909090909091,0.1818181818181818
10,1870.8,70.69,17.2,39.1,65.8,6.83,28.46,193,0,2.7,597.01,3.070074133763095,46.51402,1,170.07272727272726,0.0
15,2274.5,74.73,12.2,51.4,75.27,7.06,24.91,185,4,41.7,34457.2,3.259535858178888,56.249271,1,142.15625,0.25
16,3249.4,81.38,15.1,59.2,78.89,5.78,26.78,120,2,30.7,32297.04,2.7236035455278005,64.200682,0,191.14117647058825,0.1176470588235294
3,434.5,51.63,13.4,72.1,69.85,4.82,26.7,248,1,9.5,18718.89,2.159627719580983,36.063555,1,108.625,0.25
10,1337.2,83.37,9.3,66.4,80.33,4.7,23.92,229,1,12.1,15574.02,2.24273166800967,66.971121,1,121.56363636363636,0.0909090909090909
9,921.5,71.96,7.8,24.2,70.76,3.22,22.1,75,2,48.4,44115.79,1.5246639806607578,50.918896,0,92.15,0.2
11,2407.7,72.57,19.2,27.0,72.26,6.6,25.76,361,2,50.9,37624.4,3.113730862207897,52.439082,1,200.64166666666665,0.1666666666666666
11,2163.1,72.66,14.6,71.3,78.9,3.57,18.13,24,0,8.3,4139.63,1.6709089443996776,57.32874,0,180.25833333333333,0.0
6,1278.9,67.53,18.3,73.9,65.72,2.55,9.47,325,1,27.4,15542.68,1.3661321514907332,44.380716,1,182.7,0.1428571428571428
10,1216.8,54.34,10.5,62.8,72.09,6.15,10.89,173,2,41.5,28007.49,2.7843755036261086,39.17370600000001,0,110.6181818181818,0.1818181818181818
